country,year,life_expectancy,continent,sugar_g_per_person_per_day,forest_area_sq_km,planted_forest_area_sq_km,happiness_score,fish_kg_per_person_per_year
Australia,2005,80.8414634146341,Oceania,128.0,1310000.0,18300.0,73.4,25.3
Belgium,2005,78.9804878048781,Europe,146.0,6790.0,4070.0,72.6,24.4
Brazil,2005,71.753,South America,115.0,5310000.0,54900.0,66.4,6.04
Canada,2005,80.1126829268293,North America,147.0,3480000.0,117000.0,74.2,23.6
Czech Republic,2005,75.9243902439025,Europe,103.0,26500.0,25800.0,64.4,10.0
Germany,2005,78.9317073170732,Europe,140.0,114000.0,56900.0,66.2,14.0
Denmark,2005,77.8439024390244,Europe,139.0,5790.0,4470.0,80.2,24.5
Egypt,2005,68.779,Africa,74.4,624.0,624.0,51.7,16.3
Spain,2005,80.1707317073171,Europe,81.9,178000.0,24900.0,71.5,40.8
France,2005,80.1634146341463,Europe,114.0,159000.0,18300.0,70.9,34.2
Greece,2005,79.2390243902439,Europe,93.2,37500.0,1340.0,60.1,21.1
Hungary,2005,72.6487804878049,Europe,98.7,19800.0,7940.0,51.9,5.19
Iran,2005,71.838,Asia,75.3,100000.0,7280.0,53.1,6.66
Italy,2005,80.7829268292683,Europe,87.4,87000.0,6150.0,68.5,25.2
Jordan,2005,72.932,Asia,136.0,975.0,469.0,63.0,5.01
Japan,2005,81.9551219512195,Asia,78.6,249000.0,103000.0,65.2,60.4
Lebanon,2005,76.273,Asia,103.0,1380.0,4.65,54.9,8.39
Mexico,2005,74.376,North America,127.0,677000.0,531.0,65.8,11.1
Netherlands,2005,79.3463414634146,Europe,128.0,3660.0,3230.0,74.6,20.5
Pakistan,2005,62.466,Asia,82.4,43000.0,2540.0,52.3,1.74
Poland,2005,74.9951219512195,Europe,119.0,91900.0,73700.0,55.9,9.74
Romania,2005,71.9121951219512,Europe,77.5,64400.00000000001,5340.0,50.5,5.09
Saudi Arabia,2005,74.588,Asia,88.6,9770.0,0.0,70.8,8.97
Sweden,2005,80.5463414634146,Europe,115.0,281000.0,114000.0,73.8,32.6
Venezuela,2005,72.782,South America,105.0,483000.0,8640.0,71.7,14.3
Argentina,2006,75.433,South America,133.0,315000.0,11400.0,63.1,9.06
Armenia,2006,71.987,Europe,92.8,3310.0,166.0,42.9,1.44
Austria,2006,79.8804878048781,Europe,134.0,38500.0,16800.0,71.2,13.3
Azerbaijan,2006,68.165,Europe,50.5,10100.0,2960.0,47.3,1.78
Benin,2006,57.456,Africa,9.07,38400.0,184.0,33.3,12.4
Burkina Faso,2006,53.742,Africa,17.0,69200.0,1010.0,38.0,2.65
Bangladesh,2006,67.241,Asia,24.6,19000.0,732.0,43.2,15.7
Belarus,2006,69.4048780487805,Europe,96.4,84900.0,20299.999999999996,56.6,16.1
Bolivia,2006,64.779,South America,71.3,539000.0,441.0,53.7,1.68
Botswana,2006,53.918,Africa,81.4,169000.0,0.0,47.4,2.45
Switzerland,2006,81.490243902439,Europe,164.0,12200.0,1650.0,74.7,17.0
Chile,2006,78.261,South America,119.0,164000.0,26100.0,60.6,14.9
China,2006,74.504,Asia,17.2,1910000.0,659000.0000000001,45.6,27.6
Cameroon,2006,54.856,Africa,23.5,212000.0,331.0,38.5,13.4
Colombia,2006,73.468,South America,167.0,616000.0,2950.0,60.3,5.96
Costa Rica,2006,78.514,North America,158.0,28700.0,586.0,70.8,8.03
Cuba,2006,77.179,North America,139.0,27300.0,4340.0,54.2,6.88
Cyprus,2006,78.371,Europe,91.2,1720.0,294.0,62.4,19.9
Dominican Republic,2006,71.165,North America,102.0,20300.0,834.0,50.9,10.3
Ecuador,2006,74.689,South America,56.2,133000.0,790.0,50.2,6.87
Estonia,2006,72.6914634146341,Europe,131.0,23000.0,2030.0,53.7,11.9
Finland,2006,79.2146341463415,Europe,91.4,223000.0,62000.0,76.7,34.1
France,2006,80.8121951219512,Europe,104.0,160000.0,18800.0,65.8,34.7
Georgia,2006,71.394,Europe,108.0,28000.0,671.0,36.8,6.21
Ghana,2006,59.988,Africa,26.5,83100.0,1520.0,45.4,30.7
Guatemala,2006,69.812,North America,137.0,39200.0,818.0,59.0,2.75
Honduras,2006,70.261,North America,124.0,66600.0,0.0,54.0,4.7
Haiti,2006,60.763,North America,60.3,3790.0,248.0,37.5,4.23
Indonesia,2006,67.914,Asia,39.6,1000000.0,40500.0,49.5,22.6
India,2006,65.412,Asia,55.2,687000.0,114000.0,53.5,5.23
Ireland,2006,79.2414634146342,Europe,108.0,6840.0,6030.0,71.4,20.6
Israel,2006,80.5536585365854,Asia,70.6,1540.0,880.0,71.7,19.6
Jamaica,2006,71.199,North America,131.0,5430.0,82.60000000000001,62.1,29.0
Kazakhstan,2006,66.15,Asia,85.0,31100.0,4780.0,54.8,3.42
Kenya,2006,58.222,Africa,51.0,37500.0,1530.0,42.2,4.1
Cambodia,2006,65.059,Asia,48.1,107000.0,1330.0,35.7,36.2
South Korea,2006,78.6682926829268,Asia,104.0,64200.0,21700.0,53.3,58.1
Kuwait,2006,76.887,Asia,108.0,56.9,56.9,60.8,12.1
Lebanon,2006,76.08,Asia,103.0,1380.0,4.4,46.5,9.53
Sri Lanka,2006,71.969,Asia,83.0,21300.0,2170.0,43.5,19.1
Lithuania,2006,71.0560975609756,Europe,126.0,21100.0,5080.0,59.5,37.2
Latvia,2006,70.8658536585366,Europe,88.2,33200.0,3730.0,47.1,14.0
Moldova,2006,68.479,Europe,81.9,3620.0,1890.0,51.0,12.0
Madagascar,2006,61.315,Africa,18.7,127000.0,3580.0,39.8,6.84
Mali,2006,54.615,Africa,37.6,133000.0,3400.0,40.1,9.35
Mozambique,2006,51.961,Africa,23.6,399000.0,480.0,46.0,5.07
Malawi,2006,53.238,Africa,34.4,28300.0,1050.0,38.3,5.84
Malaysia,2006,74.164,Asia,97.5,192000.0,14400.0,60.1,54.4
Niger,2006,54.596,Africa,17.5,12500.0,880.0,37.4,2.24
Nigeria,2006,49.73,Africa,25.6,239000.0,2390.0,47.1,15.1
Nicaragua,2006,68.725,North America,101.0,46700.0,105.0,44.6,5.01
Norway,2006,80.3439024390244,Europe,101.0,121000.0,1150.0,74.2,51.3
Nepal,2006,65.868,Asia,13.8,58900.0,1870.0,45.7,1.81
New Zealand,2006,80.0487804878049,Oceania,162.0,98500.0,20200.0,73.0,24.8
Panama,2006,76.012,North America,79.8,43700.0,467.0,61.3,13.8
Peru,2006,73.172,South America,58.6,745000.0,8680.0,48.1,20.5
Philippines,2006,70.282,Asia,67.5,70300.0,3390.0,46.7,33.2
Portugal,2006,78.419512195122,Europe,81.7,32600.0,22400.0,54.0,56.5
Paraguay,2006,70.781,South America,69.5,209000.0,427.0,47.3,4.03
Russia,2006,66.7275609756098,Europe,138.0,8130000.000000001,179000.0,49.6,18.6
Russia,2006,66.7275609756098,Europe,138.0,8130000.000000001,179000.0,49.6,18.6
Rwanda,2006,58.714,Africa,8.19,2740.0,1330.0,42.1,1.13
Senegal,2006,61.75,Africa,43.9,86200.0,320.0,44.2,22.4
Sierra Leone,2006,49.323,Africa,18.5,28100.0,119.0,36.3,27.3
El Salvador,2006,70.773,North America,116.0,6470.0,140.0,57.0,6.38
Slovenia,2006,78.0865853658537,Europe,62.9,12400.0,595.0,58.1,9.87
Chad,2006,48.286,Africa,25.2,58600.0,161.00000000000003,34.4,5.04
Togo,2006,56.222,Africa,18.0,12500.0,420.0,32.0,7.31
Thailand,2006,74.938,Asia,104.0,196000.0,27400.0,58.9,31.2
Tajikistan,2006,67.013,Asia,45.1,4100.0,1130.0,46.1,0.34
Trinidad and Tobago,2006,71.256,North America,174.0,2340.0,807.0,58.3,19.2
Tanzania,2006,56.911,Africa,26.3,514000.0,5530.0,39.2,6.54
Uganda,2006,54.369,Africa,25.9,29200.0,3270.0,37.3,10.6
Ukraine,2006,68.0775609756098,Europe,142.0,95300.0,47700.0,48.0,15.8
Uruguay,2006,76.362,South America,98.0,15900.0,8390.0,57.9,7.24
Uzbekistan,2006,67.891,Asia,34.2,31900.0,17300.0,52.3,0.27
Venezuela,2006,72.742,South America,108.0,482000.0,8890.0,65.3,13.3
Vietnam,2006,73.319,Asia,35.9,127000.0,26200.0,52.9,24.4
South Africa,2006,54.278,Africa,85.8,176000.0,31400.0,50.8,7.88
Zambia,2006,51.795,Africa,31.2,468000.0,547.0,48.2,6.13
Zimbabwe,2006,45.364,Africa,73.1,181000.0,1130.0,38.3,1.35
Albania,2007,77.549,Europe,75.5,7780.0,704.0,46.3,5.24
Argentina,2007,75.006,South America,134.0,312000.0,11500.0,60.7,7.29
Armenia,2007,72.327,Europe,94.0,3310.0,176.0,48.8,2.26
Australia,2007,81.2926829268293,Oceania,130.0,1300000.0,19600.0,72.8,25.9
Azerbaijan,2007,68.603,Europe,37.0,10200.0,2940.0,45.7,1.72
Belgium,2007,79.7829268292683,Europe,138.0,6830.0,4070.0,72.2,25.1
Burkina Faso,2007,54.375,Africa,18.7,68700.0,1060.0,40.2,2.79
Bangladesh,2007,66.714,Asia,23.7,19000.0,729.0,46.1,16.1
Bulgaria,2007,72.6634146341463,Europe,93.1,36300.0,8520.0,38.4,4.58
Bosnia and Herzegovina,2007,76.161,Europe,57.0,21100.0,1190.0,49.0,6.18
Belarus,2007,70.2073170731707,Europe,104.0,85200.0,20600.0,56.2,17.0
Belize,2007,70.655,North America,120.0,14100.0,22.5,64.5,14.1
Bolivia,2007,65.027,South America,70.4,537000.0,456.0,56.3,1.36
Brazil,2007,72.365,South America,114.0,5230000.0,62300.0,63.2,6.99
Central African Republic,2007,47.426,Africa,25.7,227000.0,20.0,41.6,7.94
Canada,2007,80.5436585365854,North America,146.0,3470000.0,126000.0,74.8,23.4
Chile,2007,77.826,South America,129.0,165000.0,26600.0,57.0,14.8
China,2007,74.762,Asia,17.7,1940000.0,678000.0,48.6,28.6
Cameroon,2007,55.165,Africa,27.4,211000.0,351.0,43.5,15.3
Colombia,2007,73.837,South America,167.0,614000.0,3170.0,61.4,6.05
Costa Rica,2007,78.462,North America,161.0,28700.0,606.0,74.3,10.2
Czech Republic,2007,76.7243902439025,Europe,95.2,26500.0,25800.0,65.0,9.83
Germany,2007,79.5341463414634,Europe,126.0,114000.0,57000.0,64.2,15.4
Denmark,2007,78.1951219512195,Europe,172.0,5820.0,4470.0,78.3,22.1
Dominican Republic,2007,71.371,North America,105.0,20400.0,901.0,50.8,10.3
Ecuador,2007,74.844,South America,49.6,132000.0,804.0,50.0,7.23
Egypt,2007,69.128,Africa,72.5,637.0,637.0,55.4,18.0
Spain,2007,80.8731707317073,Europe,81.7,181000.0,25300.0,70.0,43.7
Estonia,2007,72.8146341463415,Europe,131.0,23100.0,2040.0,53.3,15.8
Georgia,2007,71.568,Europe,117.0,28000.0,684.0,37.1,8.46
Ghana,2007,60.224,Africa,27.7,82100.0,1690.0,52.2,30.4
Greece,2007,79.4390243902439,Europe,86.0,38100.0,1360.0,66.5,21.3
Guatemala,2007,70.1,North America,152.0,38700.0,893.0,63.3,2.18
Guyana,2007,66.254,South America,113.0,185000.0,0.0,59.9,22.9
Honduras,2007,70.376,North America,126.0,66400.0,0.0,51.0,4.81
Croatia,2007,75.7056097560976,Europe,132.0,19100.0,769.0,58.2,16.4
Hungary,2007,73.1512195121951,Europe,95.9,20100.0,7940.0,49.5,5.06
Indonesia,2007,68.189,Asia,39.1,1000000.0,40800.0,51.0,24.1
India,2007,65.788,Asia,56.2,689000.0,118000.0,50.3,5.17
Iran,2007,72.772,Asia,76.3,103000.0,8130.0,53.4,7.22
Israel,2007,80.5048780487805,Asia,71.6,1540.0,880.0,68.4,24.3
Italy,2007,81.4341463414634,Europe,81.3,88300.0,6230.0,65.7,25.7
Jordan,2007,73.373,Asia,134.0,975.0,469.0,56.0,6.0
Japan,2007,82.5070731707317,Asia,82.5,249000.0,103000.0,62.4,56.1
Kazakhstan,2007,66.34,Asia,88.7,31000.0,4700.0,57.2,4.73
Kenya,2007,58.865,Africa,49.3,37200.0,1530.0,45.8,3.33
Cambodia,2007,65.731,Asia,48.4,106000.0,1380.0,41.6,34.4
South Korea,2007,79.119512195122,Asia,100.0,64099.99999999999,21900.0,57.7,57.9
Liberia,2007,58.285,Africa,16.2,80100.0,158.0,37.0,4.69
Sri Lanka,2007,72.049,Asia,72.2,21200.0,2140.0,44.1,20.9
Lithuania,2007,70.9,Europe,130.0,21300.0,5150.0,58.1,43.5
Latvia,2007,71.019512195122,Europe,80.2,33300.0,3820.0,46.7,19.8
Moldova,2007,68.947,Europe,103.0,3650.0,1950.0,47.8,12.1
Mexico,2007,74.238,North America,133.0,674000.0,585.0,65.3,12.3
Montenegro,2007,74.3390243902439,Europe,130.0,7670.0,80.0,52.0,9.86
Mongolia,2007,65.97,Asia,34.2,142000.0,97.9,46.1,0.45
Mozambique,2007,52.566,Africa,27.8,396000.0,496.0,48.3,4.38
Mauritania,2007,62.228,Africa,105.0,3840.0,291.0,41.5,10.3
Malawi,2007,53.946,Africa,34.5,27900.0,1030.0,48.9,5.25
Malaysia,2007,74.211,Asia,107.0,192000.0,14000.0,62.4,56.5
Namibia,2007,53.68,Africa,51.6,75600.0,0.0,48.9,14.3
Niger,2007,55.553,Africa,15.8,12400.0,905.0,42.8,2.17
Nigeria,2007,50.033,Africa,26.1,237000.0,2370.0,48.9,17.1
Nicaragua,2007,69.559,North America,100.0,45500.0,118.0,49.4,4.19
Netherlands,2007,80.0975609756098,Europe,128.0,3690.0,3270.0,74.5,20.9
Nepal,2007,66.329,Asia,13.9,59100.0,1960.0,47.5,1.86
New Zealand,2007,80.1512195121951,Oceania,165.0,98500.0,20200.0,76.0,28.4
Pakistan,2007,63.852,Asia,81.6,42200.0,2540.0,56.7,1.91
Panama,2007,76.154,North America,83.3,43600.0,490.0,68.9,13.6
Peru,2007,73.223,South America,58.5,744000.0,8930.0,52.1,22.2
Philippines,2007,70.483,Asia,68.2,69800.0,3420.0,50.7,35.7
Poland,2007,75.2439024390244,Europe,119.0,92500.0,73700.0,58.9,10.9
Paraguay,2007,71.106,South America,68.6,206000.0,447.0,52.7,3.98
Romania,2007,72.5658536585366,Europe,74.8,64700.0,5360.0,53.9,5.3
Russia,2007,67.5868292682927,Europe,140.0,8130000.000000001,183000.0,52.2,22.4
Russia,2007,67.5868292682927,Europe,140.0,8130000.000000001,183000.0,52.2,22.4
Saudi Arabia,2007,75.046,Asia,87.9,9770.0,0.0,72.7,10.2
Senegal,2007,62.543,Africa,42.9,85800.0,320.0,46.8,23.5
Sierra Leone,2007,50.365,Africa,18.4,27900.0,126.0,35.9,26.2
El Salvador,2007,71.108,North America,113.0,6420.0,143.0,53.0,7.76
Serbia,2007,73.6317073170732,Europe,87.8,26400.0,1380.0,47.5,6.23
Sweden,2007,80.9,Europe,114.0,281000.0,118000.0,72.4,32.7
Chad,2007,48.751,Africa,24.9,57800.0,165.0,41.4,4.23
Thailand,2007,75.187,Asia,101.0,198000.0,28700.0,57.8,29.0
Tajikistan,2007,67.217,Asia,44.7,4100.0,1130.0,44.3,0.32
Tanzania,2007,57.52,Africa,27.2,511000.0,5530.0,43.2,8.02
Uganda,2007,55.236,Africa,25.7,28700.0,3370.0,44.6,13.3
Ukraine,2007,68.2221951219512,Europe,144.0,95400.0,47800.0,52.5,17.9
Uruguay,2007,76.498,South America,97.6,16200.0,8740.0,56.9,7.47
Vietnam,2007,73.436,Asia,31.7,129000.0,27300.0,54.2,29.1
Yemen,2007,66.565,Asia,74.3,5490.0,0.0,44.8,3.79
South Africa,2007,54.992,Africa,84.1,175000.0,31400.0,52.0,7.79
Zambia,2007,52.739,Africa,27.0,468000.0,546.0,40.0,7.11
Zimbabwe,2007,45.61,Africa,64.8,180000.0,1120.0,32.8,1.1
Afghanistan,2008,59.852,Asia,23.4,12100.0,0.0,37.2,0.08
Argentina,2008,75.641,South America,133.0,308000.0,11600.0,59.6,7.8
Armenia,2008,72.398,Europe,98.9,3310.0,186.0,46.5,3.19
Australia,2008,81.3951219512195,Oceania,129.0,1300000.0,20299.999999999996,72.5,26.1
Austria,2008,80.4317073170732,Europe,134.0,38600.0,16800.0,71.8,14.5
Azerbaijan,2008,68.811,Europe,39.6,10200.0,2920.0,48.2,2.17
Belgium,2008,79.6804878048781,Europe,144.0,6850.0,4070.0,71.2,26.3
Benin,2008,57.869,Africa,14.5,37400.0,192.0,36.7,14.3
Burkina Faso,2008,55.342,Africa,13.1,68200.0,1120.0,38.5,2.61
Bangladesh,2008,67.051,Asia,22.7,18900.0,726.0,50.5,16.5
Belarus,2008,70.4560975609756,Europe,113.0,85600.0,20899.999999999996,54.6,18.1
Bolivia,2008,65.446,South America,71.2,535000.0,471.0,53.0,2.23
Brazil,2008,72.715,South America,116.0,5190000.0,65900.0,66.9,7.61
Botswana,2008,57.121,Africa,79.1,167000.0,0.0,54.5,2.88
Canada,2008,80.7246341463415,North America,140.0,3470000.0,131000.0,74.9,22.3
Chile,2008,78.484,South America,130.0,165000.0,27200.0,57.9,15.2
China,2008,74.872,Asia,17.5,1960000.0,696000.0,48.5,29.7
Cameroon,2008,55.655,Africa,26.2,210000.0,371.0,42.9,15.7
Colombia,2008,74.295,South America,167.0,612000.0,3380.0,61.7,5.52
Costa Rica,2008,78.445,North America,154.0,28700.0,626.0,68.5,10.3
Germany,2008,79.7365853658537,Europe,136.0,114000.0,57000.0,65.2,14.7
Djibouti,2008,59.365,Africa,82.1,56.0,0.0,50.1,2.55
Denmark,2008,78.4463414634146,Europe,147.0,5840.0,4470.0,79.7,22.2
Dominican Republic,2008,71.658,North America,103.0,20500.0,968.0,48.4,11.5
Ecuador,2008,74.983,South America,54.2,132000.0,819.0,53.0,8.09
Egypt,2008,69.319,Africa,74.5,644.0,644.0000000000001,46.3,18.2
Spain,2008,81.1756097560976,Europe,82.8,183000.0,25600.0,72.9,42.2
Estonia,2008,73.7707317073171,Europe,119.0,23200.0,2050.0,54.5,16.4
Finland,2008,79.5682926829268,Europe,81.9,223000.0,65600.0,76.7,34.9
France,2008,81.2146341463415,Europe,99.5,162000.0,19800.0,70.1,34.2
Georgia,2008,71.332,Europe,124.0,28100.0,696.0,41.6,9.54
Ghana,2008,60.49,Africa,26.1,81200.0,1860.0,49.6,27.4
Guatemala,2008,70.356,North America,135.0,38200.0,967.0,64.1,2.02
Honduras,2008,70.441,North America,126.0,66200.0,0.0,54.2,3.37
Haiti,2008,61.332,North America,58.7,3790.0,264.0,38.5,4.52
Indonesia,2008,68.226,Asia,37.9,1000000.0,41200.0,48.1,25.1
India,2008,66.149,Asia,62.2,691000.0,121000.0,51.5,5.99
Ireland,2008,80.0951219512195,Europe,120.0,7020.0,6210.0,75.7,21.2
Iran,2008,72.624,Asia,75.2,104000.0,8560.0,51.3,6.7
Iraq,2008,64.942,Asia,50.8,8240.0,664.0,45.9,3.09
Iceland,2008,81.609756097561,Europe,128.0,417.0,304.0,68.9,91.2
Israel,2008,80.9512195121951,Asia,69.4,1540.0,880.0,72.6,22.0
Italy,2008,81.4853658536585,Europe,81.5,89000.0,6270.0,67.8,24.7
Jordan,2008,73.591,Asia,134.0,975.0,469.0,49.3,7.23
Japan,2008,82.5875609756098,Asia,77.8,249000.0,103000.0,59.1,55.6
Kazakhstan,2008,67.11,Asia,86.8,31000.0,4610.0,58.9,5.65
Kenya,2008,59.614,Africa,48.4,36900.0,1530.0,40.1,3.41
Cambodia,2008,66.47,Asia,56.9,106000.0,1440.0,44.6,32.2
South Korea,2008,79.5170731707317,Asia,99.9,64000.0,22000.0,53.9,57.8
Lebanon,2008,77.584,Asia,131.0,1380.0,3.9,46.0,9.78
Liberia,2008,58.772,Africa,16.8,79800.0,167.0,42.2,3.72
Sri Lanka,2008,71.729,Asia,88.2,21200.0,2110.0,44.3,20.6
Lithuania,2008,71.8121951219512,Europe,137.0,21400.0,5220.0,55.5,43.4
Latvia,2008,72.419512195122,Europe,96.4,33500.0,3910.0,51.5,24.2
Moldova,2008,69.394,Europe,85.9,3680.0,2010.0,55.0,15.8
Madagascar,2008,62.142,Africa,18.9,127000.0,3860.0,46.4,5.82
Mexico,2008,74.152,North America,134.0,672000.0,612.0,68.3,12.5
Mali,2008,55.291,Africa,37.0,133000.0,4350.0,41.1,8.5
Mongolia,2008,66.382,Asia,39.2,142000.0,99.0,44.9,0.52
Mozambique,2008,53.164,Africa,30.6,394000.0,513.0,46.5,5.78
Mauritania,2008,62.399,Africa,98.3,3780.0,302.0,42.5,7.82
Malaysia,2008,74.25,Asia,110.0,191000.0,13700.0,58.1,57.8
Niger,2008,56.508,Africa,15.3,12300.0,930.0,42.4,2.16
Nigeria,2008,50.225,Africa,26.8,236000.0,2360.0,49.4,16.3
Nicaragua,2008,70.586,North America,108.0,44300.0,132.0,51.0,4.58
Netherlands,2008,80.2512195121951,Europe,126.0,3710.0,3290.0,76.3,21.4
Norway,2008,80.5926829268293,Europe,105.0,121000.0,1150.0,76.3,53.4
Nepal,2008,66.421,Asia,12.7,59300.0,2040.0,44.4,1.96
New Zealand,2008,80.3512195121951,Oceania,171.0,98500.0,20200.0,73.8,26.6
Pakistan,2008,64.036,Asia,79.7,41800.0,2540.0,44.1,1.88
Panama,2008,76.225,North America,81.9,43500.0,513.0,69.3,14.1
Peru,2008,73.377,South America,62.5,743000.0,9190.0,51.3,22.0
Philippines,2008,70.564,Asia,70.6,69300.0,3450.0,45.9,35.4
Portugal,2008,78.5243902439025,Europe,82.6,32600.0,22300.0,57.2,56.3
Paraguay,2008,71.384,South America,70.0,203000.0,467.0,55.7,3.92
Russia,2008,67.9492682926829,Europe,139.0,8140000.000000001,188000.0,56.2,21.7
Russia,2008,67.9492682926829,Europe,139.0,8140000.000000001,188000.0,56.2,21.7
Rwanda,2008,61.134,Africa,8.79,2690.0,1360.0,43.6,1.94
Saudi Arabia,2008,75.274,Asia,88.8,9770.0,0.0,68.1,8.42
Senegal,2008,63.242,Africa,37.8,85500.0,320.0,46.8,26.5
Sierra Leone,2008,51.526,Africa,18.3,27700.0,132.0,30.0,36.3
El Salvador,2008,71.424,North America,112.0,6380.0,145.0,51.9,5.8
Sweden,2008,81.1,Europe,111.0,281000.0,120000.0,75.2,32.4
Chad,2008,49.024,Africa,22.4,56900.0,169.0,46.3,3.7
Togo,2008,56.695,Africa,23.8,12400.0,447.0,28.1,5.56
Thailand,2008,75.492,Asia,104.0,199000.0,29900.0,56.4,23.4
Tajikistan,2008,67.688,Asia,47.8,4100.0,1130.0,50.6,0.36
Trinidad and Tobago,2008,71.47,North America,171.0,2330.0,807.0,67.0,19.8
Tanzania,2008,58.086,Africa,26.2,507000.0,5530.0,43.9,5.09
Uganda,2008,55.823,Africa,26.8,28300.0,3470.0,45.7,12.4
Ukraine,2008,68.2514634146342,Europe,144.0,95400.0,47900.0,51.7,21.9
Uruguay,2008,76.623,South America,100.0,16600.0,9090.0,56.6,7.5
Uzbekistan,2008,68.765,Asia,33.4,32700.000000000004,17900.0,53.1,0.45
Venezuela,2008,72.436,South America,104.0,478000.0,9390.0,62.6,13.3
Vietnam,2008,73.411,Asia,31.5,131000.0,28500.0,54.8,30.3
South Africa,2008,56.022,Africa,82.3,175000.0,31400.0,53.5,6.94
Zambia,2008,53.945,Africa,26.4,468000.0,546.0,47.3,6.78
Zimbabwe,2008,46.723,Africa,61.1,180000.0,1100.0,31.7,1.15
Afghanistan,2009,60.364,Asia,23.3,12100.0,0.0,44.0,0.07
Albania,2009,77.781,Europe,117.0,7810.0,704.0,54.9,5.9
Argentina,2009,75.936,South America,132.0,305000.0,11800.0,64.2,6.1
Armenia,2009,72.813,Europe,103.0,3310.0,196.0,41.8,3.4
Azerbaijan,2009,69.356,Europe,40.0,10300.0,2910.0,45.7,2.18
Bangladesh,2009,67.403,Asia,22.8,18900.0,723.0,50.8,18.6
Bosnia and Herzegovina,2009,76.976,Europe,52.4,21000.0,1190.0,49.6,5.63
Belarus,2009,70.4073170731707,Europe,118.0,85900.0,21200.0,55.6,18.0
Bolivia,2009,65.88,South America,69.8,533000.0,486.0,60.9,2.07
Brazil,2009,72.948,South America,115.0,5160000.0,69600.0,70.0,8.32
Canada,2009,81.0660975609756,North America,136.0,3470000.0,136000.0,74.9,23.0
Switzerland,2009,82.0439024390244,Europe,159.0,12300.0,1620.0,75.3,18.1
Chile,2009,78.741,South America,130.0,166000.0,27800.0,64.9,14.2
China,2009,75.343,Asia,18.0,1980000.0,715000.0,44.5,31.2
Cameroon,2009,56.102,Africa,21.5,210000.0,391.0,47.4,18.2
Colombia,2009,74.742,South America,164.0,610000.0,3600.0,62.7,5.52
Costa Rica,2009,78.672,North America,150.0,28700.0,645.9999999999999,76.2,11.0
Cyprus,2009,79.401,Europe,90.3,1730.0,304.0,68.3,21.9
Germany,2009,79.8365853658537,Europe,132.0,114000.0,57000.0,66.4,14.3
Djibouti,2009,59.673,Africa,80.6,56.0,0.0,49.1,2.3
Denmark,2009,78.5975609756098,Europe,144.0,5850.0,4470.0,76.8,23.1
Dominican Republic,2009,71.871,North America,95.8,20600.0,1040.0,54.3,11.4
Ecuador,2009,75.184,South America,52.2,131000.0,834.0,60.2,8.3
Egypt,2009,69.48,Africa,68.5,650.0,650.0,50.7,18.3
Spain,2009,81.4756097560976,Europe,82.9,184000.0,25800.0,62.0,42.0
Estonia,2009,74.8243902439024,Europe,127.0,23300.0,2060.0,51.4,15.0
France,2009,81.4146341463415,Europe,111.0,163000.0,20200.0,62.8,34.5
Georgia,2009,71.95,Europe,117.0,28200.0,708.0,38.0,8.11
Ghana,2009,60.946,Africa,30.9,80300.0,2030.0,42.0,25.0
Greece,2009,80.1878048780488,Europe,75.7,38700.0,1380.0,60.4,21.3
Guatemala,2009,70.641,North America,148.0,37700.0,1040.0,64.5,1.58
Honduras,2009,70.911,North America,128.0,66000.0,0.0,60.3,2.28
Croatia,2009,76.1682926829268,Europe,138.0,19200.0,755.0,54.3,18.6
Hungary,2009,73.9048780487805,Europe,93.9,20300.0,7940.0,49.0,5.24
Indonesia,2009,68.494,Asia,39.0,998000.0,41500.00000000001,54.7,25.6
India,2009,66.513,Asia,62.4,693000.0,124000.0,45.2,5.59
Ireland,2009,80.190243902439,Europe,108.0,7110.0,6310.0,70.5,22.5
Iraq,2009,66.446,Asia,43.5,8240.0,667.0,47.8,2.91
Israel,2009,81.4048780487805,Asia,71.6,1540.0,880.0,73.5,20.9
Italy,2009,81.6365853658537,Europe,81.2,89600.0,6300.0,63.3,24.8
Jordan,2009,73.801,Asia,115.0,975.0,469.0,60.0,6.94
Japan,2009,82.9314634146342,Asia,75.6,250000.0,103000.0,58.5,53.6
Kazakhstan,2009,68.39,Asia,81.9,30900.0,4530.0,53.8,3.9
Kenya,2009,60.365,Africa,47.0,36500.0,1530.0,42.7,3.32
Cambodia,2009,67.444,Asia,54.1,106000.0,1490.0,41.1,34.6
South Korea,2009,79.9682926829268,Asia,95.1,64000.0,22200.0,56.5,57.5
Kuwait,2009,77.442,Asia,106.0,61.1,61.1,65.8,17.7
Lebanon,2009,77.889,Asia,134.0,1370.0,3.65,52.1,11.1
Sri Lanka,2009,69.187,Asia,69.8,21100.0,2090.0,42.1,21.2
Lithuania,2009,72.9146341463415,Europe,131.0,21600.0,5290.0,54.7,43.5
Luxembourg,2009,80.6365853658537,Europe,144.0,885.0,298.0,69.6,26.2
Latvia,2009,73.0804878048781,Europe,90.8,33600.0,3990.0,46.7,27.1
Moldova,2009,69.573,Europe,69.5,3710.0,2060.0,55.5,13.7
Mexico,2009,74.119,North America,136.0,671000.0,638.0,69.6,11.7
Mali,2009,55.874,Africa,34.8,133000.0,4830.0,39.8,8.24
Malta,2009,80.2414634146342,Europe,174.0,3.5,0.0,63.3,31.2
Montenegro,2009,75.1439024390244,Europe,121.0,8070.0,80.0,48.0,10.7
Mauritania,2009,62.8,Africa,98.3,3730.0,313.0,45.0,8.88
Malawi,2009,55.448,Africa,32.4,27000.0,989.0,51.5,5.18
Malaysia,2009,74.227,Asia,116.0,190000.0,13400.0,53.9,59.7
Niger,2009,57.396,Africa,18.4,12200.0,955.0,42.7,2.15
Nigeria,2009,50.712,Africa,27.9,234000.0,2340.0,49.8,14.2
Nicaragua,2009,71.433,North America,108.0,43100.0,146.0,53.5,5.53
Nepal,2009,66.761,Asia,12.5,59400.0,2120.0,49.2,2.01
Pakistan,2009,64.14,Asia,75.6,41400.0,2540.0,52.1,1.88
Panama,2009,76.343,North America,81.8,43400.0,536.0,70.3,14.0
Peru,2009,73.466,South America,62.0,742000.0,9440.0,55.2,22.2
Philippines,2009,70.633,Asia,62.7,68900.0,3480.0,48.8,36.4
Poland,2009,75.6951219512195,Europe,119.0,93000.0,73700.0,57.7,12.1
Paraguay,2009,71.635,South America,70.6,199000.0,488.0,55.8,3.76
Romania,2009,73.309756097561,Europe,69.5,65000.0,5390.0,53.7,6.39
Russia,2009,68.6846341463415,Europe,132.0,8150000.0,192000.0,51.6,22.7
Russia,2009,68.6846341463415,Europe,132.0,8150000.0,192000.0,51.6,22.7
Rwanda,2009,61.958,Africa,11.9,2670.0,1370.0,40.3,2.09
Saudi Arabia,2009,75.431,Asia,92.2,9770.0,0.0,61.5,8.34
Sudan,2009,62.644,Africa,65.9,274000.0,3150.0,44.5,1.81
Senegal,2009,63.923,Africa,41.9,85100.0,320.0,43.4,26.5
El Salvador,2009,71.576,North America,112.0,6330.0,148.0,68.4,7.59
Serbia,2009,73.9853658536585,Europe,84.7,26900.0,1660.0,43.8,5.67
Slovenia,2009,78.9707317073171,Europe,67.1,12500.0,653.0,58.3,10.8
Sweden,2009,81.3512195121951,Europe,111.0,281000.0,123000.0,72.7,29.9
Chad,2009,49.196,Africa,21.3,56100.0,173.0,36.4,3.61
Thailand,2009,75.842,Asia,105.0,200000.0,31200.0,54.8,25.3
Tajikistan,2009,68.039,Asia,50.3,4100.0,1130.0,45.8,0.35
Turkmenistan,2009,67.958,Asia,22.1,41300.0,0.0,65.7,3.47
Tunisia,2009,75.267,Africa,98.9,6850.0,1960.0,50.3,13.1
Tanzania,2009,58.894,Africa,26.8,503000.0,5530.0,34.1,6.1
Uganda,2009,56.488,Africa,29.3,27900.0,3570.0,46.1,13.3
Ukraine,2009,69.19,Europe,132.0,95400.0,48000.0,51.7,16.3
Uruguay,2009,76.738,South America,104.0,17000.0,9440.0,63.0,5.83
Uzbekistan,2009,68.871,Asia,28.5,33100.0,18200.0,52.6,0.47
Venezuela,2009,72.579,South America,106.0,477000.0,9640.0,71.9,14.4
Vietnam,2009,73.498,Asia,26.8,132000.0,29700.0,53.0,34.4
Yemen,2009,67.196,Asia,74.7,5490.0,0.0,48.1,3.51
South Africa,2009,57.447,Africa,83.2,175000.0,31400.0,52.2,5.13
Zambia,2009,55.3,Africa,28.5,467000.0,545.0,52.6,7.49
Zimbabwe,2009,48.063,Africa,61.1,180000.0,1090.0,40.6,1.36
Afghanistan,2010,60.851,Asia,24.2,12100.0,0.0,47.6,0.07
Albania,2010,77.936,Europe,113.0,7820.0,704.0,52.7,5.73
Argentina,2010,75.721,South America,131.0,302000.0,11900.0,64.4,5.85
Armenia,2010,73.16,Europe,112.0,3310.0,206.0,43.7,2.6
Australia,2010,81.6951219512195,Oceania,126.0,1300000.0,21700.0,74.5,26.7
Austria,2010,80.5804878048781,Europe,132.0,38600.0,16800.0,73.0,13.5
Azerbaijan,2010,69.529,Europe,43.4,10300.0,2890.0,42.2,2.23
Belgium,2010,80.1829268292683,Europe,156.0,6900.0,4060.0,68.5,25.2
Burkina Faso,2010,56.477,Africa,13.3,67200.0,1230.0,40.4,5.33
Bangladesh,2010,68.638,Asia,21.9,18900.0,719.0,48.6,19.3
Bulgaria,2010,73.5121951219512,Europe,72.2,37400.0,8170.0,39.1,6.48
Bosnia and Herzegovina,2010,77.073,Europe,53.8,21000.0,1190.0,46.7,5.37
Belarus,2010,70.4048780487805,Europe,102.0,86300.0,21500.0,55.3,16.9
Bolivia,2010,66.162,South America,70.6,531000.0,501.0,57.8,1.78
Brazil,2010,73.182,South America,117.0,5120000.0,73300.0,68.4,8.99
Botswana,2010,60.013,Africa,93.4,164000.0,0.0,35.5,3.78
Central African Republic,2010,49.255,Africa,23.3,226000.0,20.0,35.7,9.52
Canada,2010,81.3221951219512,North America,126.0,3470000.0,140000.0,76.5,22.1
Chile,2010,78.501,South America,133.0,167000.0,28300.0,66.4,13.4
China,2010,75.599,Asia,17.9,2009999.9999999998,733000.0,46.5,32.2
Cameroon,2010,56.582,Africa,26.4,209000.0,411.0,45.5,14.5
Colombia,2010,75.033,South America,150.0,608000.0,3810.0,64.1,5.55
Costa Rica,2010,78.67,North America,150.0,28700.0,666.0,72.7,11.0
Cyprus,2010,79.665,Europe,88.7,1730.0,307.0,63.9,22.2
Czech Republic,2010,77.4243902439025,Europe,111.0,26600.0,25700.0,62.5,9.49
Germany,2010,79.9878048780488,Europe,137.0,114000.0,57000.0,67.3,14.2
Djibouti,2010,60.259,Africa,83.4,56.0,0.0,50.1,2.61
Denmark,2010,79.1,Europe,147.0,5860.0,4470.0,77.7,23.0
Dominican Republic,2010,72.093,North America,90.1,20700.0,1100.0,47.4,10.4
Algeria,2010,73.808,Africa,85.6,19200.0,4980.0,54.6,3.81
Ecuador,2010,75.43,South America,49.0,130000.0,848.0,58.4,8.02
Egypt,2010,69.664,Africa,81.2,656.0,656.0,46.7,22.4
Spain,2010,81.6268292682927,Europe,83.2,185000.0,26000.0,61.9,42.4
Finland,2010,79.8707317073171,Europe,84.4,222000.0,69100.0,73.9,36.0
France,2010,81.6634146341463,Europe,104.0,164000.0,20699.999999999996,68.0,34.8
Georgia,2010,72.128,Europe,85.3,28200.0,720.0,41.0,10.3
Ghana,2010,61.157,Africa,35.8,79400.0,2200.0,46.1,24.2
Greece,2010,80.3878048780488,Europe,77.3,39000.0,1390.0,58.4,18.8
Guatemala,2010,70.878,North America,136.0,37200.0,1120.0,62.9,1.41
Honduras,2010,71.088,North America,127.0,65800.0,0.0,58.7,3.01
Croatia,2010,76.4756097560976,Europe,148.0,19200.0,748.0,56.0,17.9
Haiti,2010,46.019,North America,47.9,3780.0,280.0,37.7,3.87
Hungary,2010,74.2073170731707,Europe,93.9,20500.0,7940.0,47.3,5.24
Indonesia,2010,68.679,Asia,39.3,997000.0,41900.00000000001,54.6,27.2
India,2010,66.909,Asia,59.9,695000.0,128000.0,49.9,5.72
Ireland,2010,80.7439024390244,Europe,105.0,7200.0,6400.0,72.6,22.8
Iraq,2010,67.062,Asia,52.5,8250.0,670.0,50.6,2.67
Israel,2010,81.6024390243903,Asia,75.6,1540.0,880.0,73.6,21.9
Italy,2010,82.0365853658537,Europe,82.3,90300.0,6340.0,63.5,25.6
Jordan,2010,74.0,Asia,130.0,975.0,469.0,55.7,6.72
Japan,2010,82.8426829268293,Asia,69.4,250000.0,103000.0,60.6,52.6
Kazakhstan,2010,68.45,Asia,72.7,30800.0,4440.0,55.1,5.07
Kenya,2010,60.649,Africa,46.7,36200.0,1530.0,42.6,3.42
Cambodia,2010,67.712,Asia,51.3,106000.0,1550.0,41.4,36.1
South Korea,2010,80.1170731707317,Asia,104.0,63900.0,22400.0,61.2,56.7
Kuwait,2010,77.982,Asia,98.4,62.5,62.5,68.0,19.8
Lebanon,2010,78.156,Asia,145.0,1370.0,3.4,50.3,12.2
Liberia,2010,59.433,Africa,19.9,79200.0,184.0,42.0,4.34
Sri Lanka,2010,73.215,Asia,79.4,21000.0,2060.0,39.8,24.1
Lithuania,2010,73.2682926829268,Europe,118.0,21700.0,5360.0,50.7,42.9
Luxembourg,2010,80.6317073170732,Europe,137.0,887.0,300.0,71.0,29.1
Morocco,2010,70.829,Africa,104.0,56700.0,5230.0,43.8,14.7
Moldova,2010,69.357,Europe,64.2,3750.0,2120.0,55.9,13.2
Mexico,2010,74.19,North America,136.0,669000.0,665.0,68.0,12.1
Mali,2010,56.382,Africa,29.4,133000.0,5300.0,37.6,8.44
Malta,2010,81.3975609756098,Europe,171.0,3.5,0.0,57.7,30.9
Montenegro,2010,75.990243902439,Europe,118.0,8270.0,80.0,54.5,10.7
Mongolia,2010,67.182,Asia,35.7,142000.0,101.0,45.9,0.52
Mauritania,2010,63.105,Africa,97.6,3670.0,324.0,47.7,9.8
Malaysia,2010,74.442,Asia,117.0,189000.0,13100.0,55.8,60.5
Niger,2010,58.367,Africa,13.3,12000.0,980.0,41.0,2.72
Nigeria,2010,50.945,Africa,28.4,233000.0,2330.0,47.6,15.2
Nicaragua,2010,72.009,North America,114.0,41900.0,160.0,56.9,5.02
Netherlands,2010,80.7024390243902,Europe,129.0,3730.0,3330.0,75.0,23.4
Nepal,2010,66.814,Asia,11.8,59600.0,2210.0,43.5,2.02
New Zealand,2010,80.9048780487805,Oceania,156.0,98500.0,20200.0,72.2,25.9
Pakistan,2010,64.436,Asia,81.6,40900.0,2540.0,57.9,1.94
Panama,2010,76.448,North America,84.8,43300.0,559.0,73.2,13.7
Peru,2010,73.711,South America,62.0,740000.0,9700.0,56.1,22.1
Philippines,2010,70.754,Asia,63.3,68400.0,3510.0,49.4,34.9
Poland,2010,76.2463414634146,Europe,119.0,93300.0,73700.0,58.9,10.5
Portugal,2010,79.0268292682927,Europe,80.4,32500.0,22200.0,51.0,56.1
Paraguay,2010,71.887,South America,70.7,196000.0,508.0,58.4,3.72
Romania,2010,73.4585365853659,Europe,69.2,65200.0,5400.0,49.1,6.17
Russia,2010,68.8412195121951,Europe,129.0,8150000.0,196000.0,53.9,22.3
Russia,2010,68.8412195121951,Europe,129.0,8150000.0,196000.0,53.9,22.3
Saudi Arabia,2010,75.763,Asia,90.7,9770.0,0.0,63.1,11.3
Sudan,2010,63.016,Africa,65.5,272000.0,3150.0,44.4,1.79
Senegal,2010,64.615,Africa,43.6,84700.0,320.0,43.7,24.0
Sierra Leone,2010,53.693,Africa,10.4,27300.0,146.0,41.3,34.1
El Salvador,2010,71.848,North America,108.0,6290.0,151.0,67.4,7.06
Serbia,2010,74.3365853658537,Europe,66.7,27100.0,1800.0,44.6,5.66
Slovenia,2010,79.4219512195122,Europe,71.6,12500.0,672.0,60.8,11.1
Sweden,2010,81.4512195121951,Europe,106.0,281000.0,125000.0,75.0,31.2
Chad,2010,49.584,Africa,25.3,55300.0,177.0,37.4,4.33
Thailand,2010,76.131,Asia,108.0,201000.0,32400.0,62.2,24.4
Tajikistan,2010,67.742,Asia,49.7,4100.0,1130.0,43.8,0.37
Tunisia,2010,75.421,Africa,95.3,6870.0,1980.0,51.3,12.8
Tanzania,2010,60.105,Africa,28.5,500000.0,5530.0,32.3,6.27
Uganda,2010,57.055,Africa,28.9,27500.0,3670.0,41.9,13.5
Ukraine,2010,70.2653658536586,Europe,129.0,95500.0,48200.0,50.6,13.7
Uruguay,2010,76.858,South America,106.0,17300.0,9790.0,60.6,5.41
Uzbekistan,2010,69.235,Asia,28.3,33500.0,18500.0,51.0,0.54
Venezuela,2010,72.89,South America,107.0,475000.0,9890.0,74.8,9.63
Vietnam,2010,73.513,Asia,28.7,134000.0,30800.0,53.0,33.9
Yemen,2010,67.28,Asia,78.6,5490.0,0.0,43.5,3.03
South Africa,2010,58.899,Africa,96.4,174000.0,31400.0,46.5,5.86
Zimbabwe,2010,50.652,Africa,65.8,179000.0,1080.0,46.8,2.23
Afghanistan,2011,61.419,Asia,24.8,12100.0,0.0,38.3,0.07
Angola,2011,57.596,Africa,40.1,716000.0,8680.0,55.9,16.3
Albania,2011,78.092,Europe,122.0,7830.0,704.0,58.7,5.86
Argentina,2011,76.124,South America,132.0,300000.0,12100.0,67.8,6.02
Armenia,2011,73.305,Europe,101.0,3300.0,204.0,42.6,3.22
Australia,2011,81.8951219512195,Oceania,127.0,1300000.0,22200.0,74.1,26.0
Austria,2011,80.9829268292683,Europe,131.0,38700.0,16800.0,74.7,14.2
Azerbaijan,2011,69.984,Europe,44.2,10400.0,2960.0,46.8,2.18
Belgium,2011,80.5853658536585,Europe,138.0,6900.0,4130.0,71.1,26.1
Benin,2011,58.462,Africa,14.5,35900.0,204.0,38.7,13.2
Burkina Faso,2011,57.125,Africa,19.5,66700.0,1280.0,47.9,6.71
Bangladesh,2011,68.809,Asia,22.5,18900.0,892.0,49.9,19.7
Bulgaria,2011,74.1634146341463,Europe,77.7,37600.0,8180.0,38.8,5.73
Bosnia and Herzegovina,2011,77.007,Europe,55.4,21100.0,1190.0,50.0,4.65
Belarus,2011,70.5536585365854,Europe,110.0,86300.0,21600.0,52.3,14.5
Bolivia,2011,66.534,South America,73.1,529000.0,515.0,57.8,2.25
Brazil,2011,73.343,South America,116.0,5100000.0,78500.0,70.4,10.6
Botswana,2011,60.53,Africa,81.9,163000.0,0.0,35.2,3.04
Central African Republic,2011,49.948,Africa,24.1,226000.0,20.0,36.8,9.28
Canada,2011,81.4826829268293,North America,137.0,3470000.0,144000.0,74.3,22.7
Chile,2011,79.11,South America,133.0,169000.0,28700.0,65.3,13.8
China,2011,75.903,Asia,18.7,2029999.9999999998,745000.0,50.4,32.9
Cameroon,2011,57.133,Africa,27.0,208000.0,431.0,44.3,17.2
Colombia,2011,75.32,South America,151.0,607000.0,3900.0,64.6,5.97
Costa Rica,2011,79.348,North America,149.0,28900.0,686.0,72.3,13.2
Cyprus,2011,79.999,Europe,93.2,1730.0,308.0,66.9,22.1
Czech Republic,2011,77.8731707317073,Europe,113.0,26600.0,25700.0,63.3,9.05
Germany,2011,80.4365853658537,Europe,133.0,114000.0,57100.0,66.2,14.3
Djibouti,2011,60.433,Africa,84.7,56.0,0.0,43.7,3.04
Denmark,2011,79.8,Europe,146.0,5940.0,4500.0,77.9,23.0
Dominican Republic,2011,72.221,North America,87.6,20800.0,1150.0,54.0,8.29
Algeria,2011,74.123,Africa,74.9,19300.0,5100.0,53.2,3.94
Ecuador,2011,75.743,South America,54.7,130000.0,932.0,58.0,8.42
Egypt,2011,69.88,Africa,82.9,622.0,622.0,41.7,22.1
Spain,2011,82.4756097560976,Europe,85.2,185000.0,26000.0,65.2,41.9
Estonia,2011,76.2292682926829,Europe,120.0,23500.0,2080.0,54.9,14.6
Finland,2011,80.4707317073171,Europe,85.8,223000.0,70000.0,73.5,36.6
France,2011,82.1146341463415,Europe,103.0,165000.0,21100.0,69.6,34.9
Gabon,2011,64.045,Africa,44.8,236000.0,300.0,42.5,35.5
Georgia,2011,72.39,Europe,81.3,28200.0,720.0,42.0,10.5
Ghana,2011,61.652,Africa,30.4,79300.0,2280.0,56.1,28.0
Guinea,2011,57.019,Africa,35.0,65300.0,522.0,40.5,9.66
Greece,2011,80.7317073170732,Europe,75.1,39000.0,1390.0,53.7,19.9
Guatemala,2011,71.177,North America,145.0,37000.0,1160.0,57.4,1.36
Honduras,2011,71.439,North America,124.0,65500.0,0.0,49.6,4.15
Croatia,2011,76.7756097560976,Europe,143.0,19200.0,748.0,53.9,19.6
Haiti,2011,61.623,North America,49.5,3750.0,288.0,48.5,4.97
Hungary,2011,74.8585365853659,Europe,96.8,20500.0,7940.0,49.2,5.32
Indonesia,2011,68.823,Asia,40.5,987000.0,42800.0,51.7,28.9
India,2011,67.359,Asia,60.9,698000.0,128000.0,46.4,5.17
Ireland,2011,80.7463414634146,Europe,135.0,7270.0,6430.0,70.1,22.5
Iran,2011,73.679,Asia,80.1,107000.0,9410.0,47.7,9.09
Iraq,2011,67.659,Asia,51.9,8250.0,677.0,47.3,2.87
Israel,2011,81.6560975609756,Asia,75.4,1560.0,882.0,74.3,24.0
Italy,2011,82.1878048780488,Europe,84.2,90800.0,6350.0,60.6,25.9
Jamaica,2011,73.094,North America,138.0,5620.0,83.0,53.7,24.3
Jordan,2011,74.189,Asia,113.0,975.0,469.0,55.4,5.71
Japan,2011,82.5912195121951,Asia,76.3,250000.0,103000.0,62.6,51.3
Kazakhstan,2011,68.69,Asia,78.2,31300.0,4400.0,57.4,5.44
Kenya,2011,61.046,Africa,45.5,36000.0,1530.0,44.0,4.51
Cambodia,2011,68.416,Asia,49.6,102000.0,2320.0,41.6,40.5
South Korea,2011,80.5682926829269,Asia,100.0,63800.0,22400.0,69.5,58.6
Kuwait,2011,78.464,Asia,96.6,62.5,62.5,63.8,15.8
Lebanon,2011,78.404,Asia,138.0,1380.0,3.42,51.9,11.4
Sri Lanka,2011,73.38,Asia,75.4,21100.0,2140.0,41.8,26.1
Lesotho,2011,46.692,Africa,46.4,345.0,86.7,49.0,0.85
Lithuania,2011,73.5634146341464,Europe,125.0,21700.0,5460.0,54.3,43.3
Luxembourg,2011,80.9878048780488,Europe,128.0,887.0,300.0,71.0,30.5
Latvia,2011,73.5756097560976,Europe,103.0,33800.0,4130.0,49.7,25.7
Morocco,2011,71.269,Africa,108.0,56800.0,5340.0,50.9,14.4
Moldova,2011,69.192,Europe,67.0,3770.0,2130.0,57.9,12.7
Madagascar,2011,63.494,Africa,22.2,125000.0,3940.0,43.8,4.82
Mexico,2011,74.365,North America,134.0,668000.0,700.0,69.1,10.7
Mali,2011,56.755,Africa,25.4,133000.0,5370.0,46.7,8.77
Malta,2011,80.7463414634146,Europe,165.0,3.5,0.0,61.5,30.8
Montenegro,2011,75.9829268292683,Europe,132.0,8270.0,80.0,52.2,11.4
Mongolia,2011,67.439,Asia,39.8,142000.0,96.3,50.3,0.7
Mozambique,2011,54.869,Africa,31.3,388000.0,569.0,49.7,8.47
Mauritania,2011,63.346,Africa,98.0,3620.0,335.0,47.9,9.55
Mauritius,2011,73.2668292682927,Africa,80.9,384.0,180.0,54.8,22.2
Malawi,2011,57.455,Africa,21.9,26200.0,947.0,39.5,5.7
Malaysia,2011,74.746,Asia,117.0,191000.0,13900.0,57.9,56.2
Niger,2011,58.994,Africa,13.3,11900.0,1000.0,45.6,3.3
Nicaragua,2011,72.416,North America,118.0,41300.0,210.0,53.9,4.89
Netherlands,2011,81.2048780487805,Europe,125.0,3720.0,3310.0,75.6,22.4
Nepal,2011,67.313,Asia,11.9,59600.0,2210.0,38.1,2.22
New Zealand,2011,81.1560975609756,Oceania,159.0,98500.0,20200.0,71.9,25.3
Oman,2011,76.608,Asia,96.3,30.0,10.0,68.5,26.9
Pakistan,2011,64.648,Asia,71.6,40600.0,2540.0,52.7,1.99
Panama,2011,76.627,North America,87.9,43200.0,570.0,72.5,13.4
Peru,2011,74.133,South America,63.3,739000.0,9870.0,58.9,22.7
Philippines,2011,70.788,Asia,65.7,68700.0,3540.0,49.9,32.7
Poland,2011,76.6951219512195,Europe,120.0,93500.0,73700.0,56.5,9.63
Portugal,2011,80.4707317073171,Europe,77.8,32600.0,22300.0,52.2,55.8
Paraguay,2011,72.131,South America,71.6,192000.0,603.0,56.8,3.81
Romania,2011,74.409756097561,Europe,68.2,65900.0,6230.0,50.2,6.19
Russia,2011,69.6839024390244,Europe,134.0,8150000.0,197000.0,53.9,22.2
Russia,2011,69.6839024390244,Europe,134.0,8150000.0,197000.0,53.9,22.2
Rwanda,2011,63.261,Africa,14.3,2660.0,1390.0,41.0,4.1
Saudi Arabia,2011,76.234,Asia,88.8,9770.0,0.0,67.0,11.1
Sudan,2011,63.246,Africa,67.4,271000.0,3160.0,43.1,1.79
Senegal,2011,65.262,Africa,44.0,84300.0,320.0,38.3,23.5
Sierra Leone,2011,54.62,Africa,15.6,27100.0,153.0,45.0,34.2
El Salvador,2011,71.859,North America,112.0,6240.0,153.0,47.4,7.87
Serbia,2011,74.5365853658537,Europe,79.2,27100.0,1870.0,48.1,7.54
Slovenia,2011,79.9707317073171,Europe,70.4,12500.0,627.0,60.4,11.1
Sweden,2011,81.8024390243903,Europe,110.0,281000.0,126000.0,73.8,31.2
Eswatini,2011,48.195,Africa,89.4,4870.0,1200.0,48.7,1.34
Eswatini,2011,48.195,Africa,89.4,4870.0,1200.0,48.7,1.34
Chad,2011,50.009,Africa,27.9,54000.0,178.0,43.9,5.03
Togo,2011,57.925,Africa,33.1,12400.0,487.0,29.4,12.3
Thailand,2011,76.421,Asia,111.0,201000.0,33300.0,66.6,25.0
Tajikistan,2011,68.148,Asia,51.6,4120.0,1140.0,42.6,0.52
Turkmenistan,2011,68.567,Asia,25.6,41300.0,0.0,57.9,3.57
Trinidad and Tobago,2011,73.278,North America,157.0,2320.0,807.0,65.2,24.0
Tunisia,2011,75.46,Africa,98.3,6890.0,1990.0,48.8,12.5
Tanzania,2011,61.049,Africa,29.3,496000.0,5530.0,40.7,5.94
Uganda,2011,57.965,Africa,25.9,27100.0,3770.0,48.3,13.7
Ukraine,2011,70.8092682926829,Europe,133.0,95700.0,48300.0,50.8,14.2
Uruguay,2011,76.983,South America,109.0,17700.0,9970.0,65.5,7.19
Uzbekistan,2011,69.649,Asia,27.9,33900.0,19100.0,57.4,0.66
Venezuela,2011,72.913,South America,108.0,473000.0,10600.0,65.8,9.36
Vietnam,2011,73.692,Asia,27.2,135000.0,32400.0,57.7,33.3
Yemen,2011,67.419,Asia,81.4,5490.0,0.0,37.5,2.57
South Africa,2011,60.651,Africa,95.8,174000.0,31400.0,49.3,5.67
Zambia,2011,57.771,Africa,28.4,465000.0,542.0,50.0,6.64
Zimbabwe,2011,53.347,Africa,68.9,179000.0,1080.0,48.5,2.99
Afghanistan,2012,61.923,Asia,25.4,12100.0,0.0,37.8,0.07
Angola,2012,58.623,Africa,42.7,710000.0,8610.0,43.6,15.8
Albania,2012,78.064,Europe,129.0,7850.0,704.0,55.1,4.97
Argentina,2012,76.467,South America,131.0,298000.0,12300.0,64.7,5.88
Armenia,2012,73.454,Europe,101.0,3300.0,201.0,43.2,3.42
Australia,2012,82.0463414634146,Oceania,126.0,1310000.0,22700.0,72.0,26.0
Austria,2012,80.9365853658537,Europe,130.0,38700.0,16800.0,74.0,13.7
Azerbaijan,2012,70.36,Europe,48.3,10500.0,3030.0,49.1,2.16
Belgium,2012,80.3853658536585,Europe,153.0,6900.0,4190.0,69.3,25.1
Benin,2012,58.716,Africa,17.2,35400.0,208.0,31.9,12.8
Burkina Faso,2012,57.619,Africa,19.8,66200.0,1340.0,39.5,6.92
Bangladesh,2012,69.554,Asia,22.3,18900.0,1060.0,47.2,19.4
Bulgaria,2012,74.3146341463415,Europe,76.5,37800.0,8200.0,42.2,5.8
Bosnia and Herzegovina,2012,77.191,Europe,57.7,21300.0,1190.0,47.7,4.61
Belarus,2012,71.9658536585366,Europe,104.0,86300.0,21700.0,57.5,15.3
Bolivia,2012,66.705,South America,72.8,527000.0,529.0,60.2,2.18
Brazil,2012,73.552,South America,117.0,5090000.0,83699.99999999999,66.6,11.0
Botswana,2012,60.8,Africa,80.4,162000.0,0.0,48.4,4.92
Canada,2012,81.6636585365854,North America,132.0,3470000.0,148000.0,74.2,21.7
Switzerland,2012,82.6975609756098,Europe,165.0,12400.0,1580.0,77.8,16.9
Chile,2012,79.023,South America,133.0,171000.0,29200.0,66.0,12.7
China,2012,76.192,Asia,18.9,2040000.0,756000.0,51.0,34.7
Cameroon,2012,57.792,Africa,25.9,208000.0,451.0,42.5,15.8
Colombia,2012,75.597,South America,155.0,605000.0,3980.0,63.8,6.31
Costa Rica,2012,79.283,North America,149.0,29000.0,706.0,72.7,13.2
Cyprus,2012,80.109,Europe,88.5,1730.0,309.0,61.8,21.8
Czech Republic,2012,78.0756097560976,Europe,119.0,26600.0,25600.0,63.3,8.51
Germany,2012,80.5390243902439,Europe,130.0,114000.0,57100.0,67.0,13.6
Denmark,2012,80.0512195121951,Europe,152.0,6020.0,4520.0,75.2,22.8
Dominican Republic,2012,72.514,North America,91.4,20900.0,1200.0,47.5,8.19
Algeria,2012,74.202,Africa,82.8,19300.0,5210.0,56.0,3.99
Ecuador,2012,76.062,South America,58.4,129000.0,1020.0,59.6,8.29
Egypt,2012,70.085,Africa,73.9,588.0,588.0,42.0,22.4
Spain,2012,82.4268292682927,Europe,85.5,185000.0,26100.0,62.9,40.5
Estonia,2012,76.3268292682927,Europe,89.5,23700.0,2100.0,53.6,14.7
Ethiopia,2012,61.543,Africa,15.7,177000.0,8330.0,45.6,0.25
Finland,2012,80.6268292682927,Europe,86.8,223000.0,70900.0,74.2,36.5
France,2012,81.9682926829268,Europe,104.0,166000.0,21500.0,66.5,33.2
Gabon,2012,64.587,Africa,41.7,236000.0,300.0,39.7,33.8
Georgia,2012,72.412,Europe,96.8,28200.0,720.0,42.5,10.6
Ghana,2012,62.081,Africa,25.8,79200.0,2360.0,50.6,24.8
Guinea,2012,57.406,Africa,32.7,65000.0,524.0,36.5,9.42
Greece,2012,80.6341463414634,Europe,81.2,39000.0,1390.0,51.0,18.1
Guatemala,2012,71.463,North America,130.0,36700.0,1200.0,58.6,1.33
Honduras,2012,71.734,North America,130.0,65300.0,0.0,46.0,4.06
Croatia,2012,76.9243902439024,Europe,129.0,19200.0,748.0,60.3,18.5
Haiti,2012,62.291,North America,51.0,3720.0,296.0,44.1,4.9
Hungary,2012,75.0634146341463,Europe,94.2,20500.0,7930.0,46.8,4.96
Indonesia,2012,68.973,Asia,43.9,978000.0,43800.0,53.7,28.5
India,2012,67.887,Asia,63.6,700000.0,129000.0,47.2,5.1
Ireland,2012,80.8463414634146,Europe,133.0,7340.0,6470.0,69.7,22.2
Iran,2012,74.186,Asia,79.6,107000.0,9410.0,46.1,9.68
Iraq,2012,68.023,Asia,50.4,8250.0,683.0,46.6,3.63
Iceland,2012,82.9170731707317,Europe,132.0,461.0,346.0,75.9,92.0
Israel,2012,81.7048780487805,Asia,76.9,1580.0,884.0,71.1,20.9
Italy,2012,82.2390243902439,Europe,86.4,91400.0,6360.0,58.4,25.2
Jordan,2012,74.366,Asia,133.0,975.0,469.0,51.3,5.48
Japan,2012,83.0960975609756,Asia,75.2,250000.0,103000.0,59.7,51.6
Kazakhstan,2012,69.52,Asia,78.7,31700.0,4350.0,57.6,5.38
Kenya,2012,61.115,Africa,44.4,35800.0,1530.0,45.5,4.39
Cambodia,2012,68.915,Asia,51.0,98900.0,3100.0,39.0,40.6
South Korea,2012,80.819512195122,Asia,103.0,63700.0,22500.0,60.0,56.6
Kuwait,2012,78.812,Asia,107.0,62.5,62.5,62.2,13.8
Lebanon,2012,78.628,Asia,131.0,1390.0,3.44,45.7,11.0
Sri Lanka,2012,73.906,Asia,74.5,21100.0,2230.0,42.3,25.9
Lithuania,2012,73.8634146341464,Europe,127.0,21800.0,5550.0,57.7,43.5
Luxembourg,2012,81.3926829268293,Europe,139.0,887.0,300.0,69.6,35.7
Latvia,2012,73.7780487804878,Europe,109.0,33800.0,4190.0,51.3,20.9
Morocco,2012,71.679,Africa,106.0,56800.0,5450.0,49.7,17.3
Moldova,2012,69.143,Europe,63.9,3790.0,2150.0,60.0,12.8
Madagascar,2012,63.544,Africa,20.1,125000.0,3740.0,35.5,4.69
Mexico,2012,74.574,North America,139.0,667000.0,735.0,73.2,10.6
Mali,2012,57.079,Africa,36.1,133000.0,5440.0,43.1,6.06
Malta,2012,80.7463414634146,Europe,168.0,3.5,0.0,59.6,31.9
Myanmar,2012,64.141,Asia,47.6,309000.0,3460.0,44.4,54.9
Myanmar,2012,64.141,Asia,47.6,309000.0,3460.0,44.4,54.9
Montenegro,2012,76.2,Europe,133.0,8270.0,80.0,52.2,11.1
Mongolia,2012,68.111,Asia,40.9,142000.0,91.3,48.9,0.69
Mauritania,2012,63.578,Africa,94.8,3560.0,347.0,46.7,9.32
Malawi,2012,58.679,Africa,32.0,25800.0,926.0,42.8,8.26
Malaysia,2012,74.944,Asia,121.0,192000.0,14700.0,59.1,60.8
Niger,2012,59.65,Africa,13.1,11800.0,1030.0,38.0,2.86
Nigeria,2012,51.497,Africa,28.5,229000.0,2290.0,54.9,16.6
Nicaragua,2012,72.615,North America,114.0,40800.0,260.0,54.5,4.82
Netherlands,2012,81.1048780487805,Europe,124.0,3700.0,3300.0,74.7,23.1
Norway,2012,81.4512195121951,Europe,114.0,121000.0,1120.0,76.8,52.9
Nepal,2012,67.47,Asia,12.5,59600.0,2210.0,42.3,2.2
New Zealand,2012,81.4073170731707,Oceania,158.0,98500.0,20200.0,72.5,24.3
Pakistan,2012,64.782,Asia,76.2,40300.0,2540.0,51.3,1.96
Panama,2012,76.819,North America,91.3,43100.0,581.0,68.6,13.2
Peru,2012,74.544,South America,64.1,737000.0,10000.0,58.3,22.4
Philippines,2012,70.881,Asia,68.1,69100.0,3570.0,50.0,32.1
Poland,2012,76.7463414634146,Europe,122.0,93700.0,73700.0,58.8,10.3
Portugal,2012,80.3731707317073,Europe,77.6,32800.0,22400.0,49.9,52.6
Paraguay,2012,72.454,South America,70.7,187000.0,699.0,58.2,3.75
Romania,2012,74.4121951219512,Europe,69.0,66700.0,7070.0,51.7,6.2
Russia,2012,70.0721951219512,Europe,134.0,8150000.0,197000.0,56.2,23.8
Russia,2012,70.0721951219512,Europe,134.0,8150000.0,197000.0,56.2,23.8
Rwanda,2012,64.009,Africa,18.9,2670.0,1400.0,33.3,3.99
Saudi Arabia,2012,76.461,Asia,88.0,9770.0,0.0,64.0,13.3
Sudan,2012,63.792,Africa,96.4,197000.0,1280.0,45.5,0.97
Senegal,2012,65.457,Africa,46.1,83900.0,320.0,36.7,24.2
El Salvador,2012,71.831,North America,113.0,6200.0,156.0,59.3,6.82
Serbia,2012,74.8365853658537,Europe,75.6,27200.0,1940.0,51.5,7.28
Suriname,2012,69.764,South America,121.0,153000.0,142.0,62.7,16.6
Slovenia,2012,80.1243902439024,Europe,73.9,12500.0,583.0,60.6,10.0
Sweden,2012,81.7048780487805,Europe,110.0,280000.0,128000.0,75.6,30.8
Chad,2012,50.54,Africa,30.5,52700.0,179.0,40.3,4.88
Thailand,2012,76.772,Asia,108.0,201000.0,34300.0,63.0,24.9
Tajikistan,2012,68.484,Asia,50.6,4150.0,1140.0,45.0,0.51
Turkmenistan,2012,68.722,Asia,26.6,41300.0,0.0,54.6,3.83
Tunisia,2012,75.55,Africa,95.7,6900.0,2010.0,44.6,14.1
Tanzania,2012,62.03,Africa,29.8,492000.0,5530.0,40.1,5.76
Uganda,2012,58.817,Africa,25.3,26700.0,3860.0,43.1,12.5
Ukraine,2012,70.9441463414634,Europe,131.0,95900.0,48400.0,50.3,14.2
Uruguay,2012,77.111,South America,111.0,18100.0,10200.0,64.5,6.46
Uzbekistan,2012,69.874,Asia,27.7,34300.0,19700.0,60.2,0.76
Venezuela,2012,73.036,South America,106.0,472000.0,11300.0,70.7,11.0
Vietnam,2012,73.704,Asia,29.2,137000.0,34000.0,55.4,33.0
Yemen,2012,67.343,Asia,79.8,5490.0,0.0,40.6,2.51
South Africa,2012,61.846,Africa,98.7,173000.0,31400.0,51.3,7.47
Zambia,2012,58.867,Africa,30.1,463000.0,540.0,50.1,6.43
Zimbabwe,2012,55.626,Africa,79.0,178000.0,1080.0,49.5,2.91
Afghanistan,2013,62.417,Asia,24.5,12100.0,0.0,35.7,0.07
Angola,2013,59.307,Africa,44.7,705000.0,8540.0,39.4,15.3
Albania,2013,78.123,Europe,131.0,7860.0,704.0,45.5,4.87
Argentina,2013,76.491,South America,132.0,295000.0,12500.0,65.8,7.05
Armenia,2013,73.676,Europe,97.4,3300.0,199.0,42.8,4.38
Australia,2013,82.1487804878049,Oceania,126.0,1320000.0,23200.0,73.6,26.1
Austria,2013,81.1365853658537,Europe,124.0,38700.0,16800.0,75.0,13.9
Azerbaijan,2013,70.881,Europe,50.5,10600.0,3100.0,54.8,2.13
Belgium,2013,80.5878048780488,Europe,144.0,6900.0,4250.0,71.0,25.0
Benin,2013,58.965,Africa,21.4,34900.0,212.0,34.8,13.3
Burkina Faso,2013,57.823,Africa,20.2,65700.0,1390.0,33.3,6.72
Bangladesh,2013,69.565,Asia,22.1,18900.0,1240.0,46.6,19.2
Bulgaria,2013,74.8609756097561,Europe,78.7,37900.0,8210.0,39.9,6.94
Bosnia and Herzegovina,2013,76.33,Europe,55.3,21400.0,1190.0,51.2,4.28
Belarus,2013,72.4707317073171,Europe,107.0,86300.0,21900.0,58.8,16.4
Bolivia,2013,67.021,South America,75.2,525000.0,542.0,57.7,2.19
Brazil,2013,73.918,South America,117.0,5070000.0,88900.0,71.4,10.9
Botswana,2013,61.996,Africa,85.0,161000.0,0.0,41.3,4.05
Canada,2013,81.7448780487805,North America,132.0,3470000.0,152000.0,75.9,22.5
Chile,2013,79.339,South America,131.0,172000.0,29600.0,67.4,12.5
China,2013,76.452,Asia,18.8,2060000.0,767000.0,52.4,34.5
Cameroon,2013,58.476,Africa,27.2,207000.0,471.0,42.7,15.4
Colombia,2013,75.827,South America,160.0,604000.0,4070.0,66.1,6.23
Costa Rica,2013,79.403,North America,144.0,29200.0,726.0,71.6,12.9
Cyprus,2013,80.402,Europe,101.0,1730.0,310.0,54.4,21.6
Czech Republic,2013,78.1756097560976,Europe,118.0,26600.0,25600.0,67.0,8.6
Germany,2013,80.490243902439,Europe,133.0,114000.0,57100.0,69.7,12.6
Denmark,2013,80.3,Europe,152.0,6090.0,4550.0,75.9,23.2
Dominican Republic,2013,72.713,North America,95.3,20900.0,1240.0,50.2,8.09
Ecuador,2013,76.369,South America,63.3,129000.0,1100.0,60.2,8.16
Egypt,2013,70.052,Africa,78.0,553.0,553.0,35.6,22.1
Spain,2013,83.0780487804878,Europe,85.6,185000.0,26100.0,61.5,42.4
Estonia,2013,77.1414634146341,Europe,86.5,23900.0,2110.0,53.7,14.7
Ethiopia,2013,62.373,Africa,18.1,176000.0,8790.0,44.5,0.25
Finland,2013,80.9756097560976,Europe,86.8,223000.0,71800.0,74.5,36.4
France,2013,82.219512195122,Europe,107.0,167000.0,21900.0,66.7,33.5
Gabon,2013,64.776,Africa,42.6,236000.0,300.0,38.0,35.6
Georgia,2013,72.628,Europe,93.1,28200.0,720.0,43.5,10.6
Ghana,2013,62.42,Africa,40.5,79100.0,2440.0,49.6,26.3
Guinea,2013,57.791,Africa,27.2,64599.99999999999,526.0,39.0,9.18
Greece,2013,81.2853658536585,Europe,80.3,39000.0,1390.0,47.2,19.3
Guatemala,2013,71.728,North America,132.0,36400.0,1240.0,59.9,1.29
Honduras,2013,71.963,North America,131.0,65099.99999999999,0.0,47.1,3.98
Croatia,2013,77.1268292682927,Europe,118.0,19200.0,748.0,58.9,19.0
Haiti,2013,62.605,North America,45.8,3690.0,304.0,46.2,4.84
Hungary,2013,75.5658536585366,Europe,95.0,20600.0,7930.0,49.1,5.09
Indonesia,2013,69.264,Asia,46.5,969000.0,44800.0,52.9,28.2
India,2013,68.46,Asia,64.2,703000.0,129000.0,44.3,5.04
Ireland,2013,80.9487804878049,Europe,126.0,7410.0,6510.0,67.6,22.0
Iran,2013,74.449,Asia,79.8,107000.0,9410.0,51.4,9.97
Iraq,2013,68.253,Asia,52.7,8250.0,690.0,47.3,3.29
Iceland,2013,82.0609756097561,Europe,132.0,468.0,353.0,75.0,91.9
Israel,2013,82.0560975609756,Asia,76.2,1610.0,886.0,73.2,23.2
Italy,2013,82.690243902439,Europe,88.0,91900.0,6370.0,60.1,25.1
Jamaica,2013,73.412,North America,135.0,5700.0,83.2,57.1,24.0
Jordan,2013,74.562,Asia,128.0,975.0,469.0,51.7,5.28
Japan,2013,83.3319512195122,Asia,74.2,250000.0,102000.0,59.6,48.6
Kazakhstan,2013,70.62,Asia,78.4,32200.000000000004,4300.0,58.4,5.33
Kenya,2013,61.389,Africa,43.7,35600.0,1530.0,38.0,4.28
Cambodia,2013,69.304,Asia,51.5,95400.0,3880.0,36.7,41.4
South Korea,2013,81.2707317073171,Asia,105.0,63600.0,22600.0,59.6,52.8
Kuwait,2013,79.164,Asia,106.0,62.5,62.5,64.8,13.8
Lebanon,2013,78.765,Asia,123.0,1390.0,3.46,49.8,10.6
Sri Lanka,2013,74.239,Asia,73.4,21200.0,2310.0,43.6,25.6
Lithuania,2013,73.9146341463415,Europe,130.0,21800.0,5650.0,56.0,43.6
Luxembourg,2013,81.8,Europe,141.0,887.0,300.0,71.3,33.8
Latvia,2013,73.9829268292683,Europe,117.0,33800.0,4250.0,50.7,23.7
Morocco,2013,72.122,Africa,109.0,56800.0,5550.0,51.4,18.1
Moldova,2013,69.099,Europe,64.6,3820.0,2160.0,57.6,12.9
Madagascar,2013,63.962,Africa,20.3,125000.0,3530.0,38.2,4.56
Mexico,2013,74.739,North America,133.0,666000.0,769.0,74.4,10.5
Mali,2013,57.357,Africa,28.1,133000.0,5500.0,36.8,7.73
Malta,2013,81.7463414634146,Europe,168.0,3.5,0.0,63.8,32.6
Myanmar,2013,64.815,Asia,46.2,306000.0,3660.0,41.8,54.4
Myanmar,2013,64.815,Asia,46.2,306000.0,3660.0,41.8,54.4
Montenegro,2013,76.490243902439,Europe,131.0,8270.0,80.0,50.7,12.2
Mongolia,2013,68.585,Asia,40.2,142000.0,86.4,49.1,0.68
Mauritania,2013,63.911,Africa,99.2,3510.0,358.0,42.0,9.09
Malawi,2013,59.729,Africa,22.6,25400.0,904.0,40.4,7.33
Malaysia,2013,75.035,Asia,121.0,193000.0,15500.0,57.7,59.0
Niger,2013,60.239,Africa,14.5,11700.0,1050.0,37.2,2.69
Nigeria,2013,51.707,Africa,29.5,228000.0,2280.0,48.2,16.2
Nicaragua,2013,72.704,North America,116.0,40200.0,311.0,57.7,4.75
Netherlands,2013,81.3048780487805,Europe,122.0,3680.0,3280.0,74.1,22.1
Nepal,2013,67.965,Asia,13.0,59600.0,2210.0,46.0,2.17
New Zealand,2013,81.4048780487805,Oceania,162.0,98500.0,20200.0,72.8,24.9
Pakistan,2013,65.15,Asia,76.0,40000.0,2540.0,51.4,1.92
Panama,2013,77.038,North America,95.3,42900.0,592.0,68.7,13.0
Peru,2013,74.967,South America,62.9,735000.0,10200.0,57.8,22.1
Philippines,2013,70.835,Asia,64.6,69400.0,3600.0,49.8,31.6
Poland,2013,77.0,Europe,122.0,93800.0,73700.0,57.5,10.6
Portugal,2013,80.7219512195122,Europe,78.0,32900.0,22400.0,51.6,53.8
Paraguay,2013,72.757,South America,69.6,183000.0,794.0,59.4,3.69
Romania,2013,75.0634146341463,Europe,70.1,67500.0,7900.0,50.8,6.22
Russia,2013,70.5787804878049,Europe,134.0,8150000.0,197000.0,55.4,22.9
Russia,2013,70.5787804878049,Europe,134.0,8150000.0,197000.0,55.4,22.9
Rwanda,2013,64.426,Africa,14.1,2680.0,1420.0,34.7,3.88
Saudi Arabia,2013,76.626,Asia,86.8,9770.0,0.0,65.0,13.5
Senegal,2013,66.072,Africa,50.0,83500.0,320.0,36.5,23.9
Sierra Leone,2013,56.313,Africa,16.5,26700.0,166.0,45.1,32.3
El Salvador,2013,71.771,North America,113.0,6150.0,158.0,63.3,6.77
Serbia,2013,75.1853658536585,Europe,77.1,27200.0,2010.0,51.0,5.8
Slovenia,2013,80.3219512195122,Europe,75.1,12500.0,538.0,59.8,10.5
Sweden,2013,81.9560975609756,Europe,115.0,280000.0,129000.0,74.3,32.0
Chad,2013,50.781,Africa,29.0,51500.0,181.0,35.1,4.74
Thailand,2013,77.083,Asia,109.0,201000.0,35200.0,62.3,24.8
Tajikistan,2013,68.885,Asia,51.9,4170.0,1150.0,49.7,0.5
Turkmenistan,2013,68.74,Asia,24.6,41300.0,0.0,53.9,3.72
Trinidad and Tobago,2013,73.962,North America,162.0,2310.0,807.0,61.7,23.9
Tunisia,2013,75.65,Africa,95.5,6920.0,2030.0,52.5,13.6
Tanzania,2013,62.96,Africa,27.9,488000.0,5530.0,38.5,5.59
Uganda,2013,59.763,Africa,32.4,26300.0,3960.0,37.1,12.5
Ukraine,2013,71.159512195122,Europe,126.0,96100.0,48500.0,47.1,17.0
Uruguay,2013,77.24,South America,111.0,18400.0,10300.0,64.4,7.49
Uzbekistan,2013,69.99,Asia,27.6,34700.0,20299.999999999996,59.4,0.74
Venezuela,2013,73.196,South America,106.0,470000.0,12100.0,65.5,9.58
Vietnam,2013,73.775,Asia,27.4,138000.0,35700.0,50.2,32.7
Yemen,2013,67.545,Asia,77.9,5490.0,0.0,42.2,2.46
South Africa,2013,62.533,Africa,101.0,173000.0,31400.0,36.6,6.25
Zambia,2013,59.878,Africa,28.1,461000.0,537.0,52.4,6.22
Zimbabwe,2013,57.458,Africa,80.6,178000.0,1080.0,46.9,2.82
Afghanistan,2014,62.545,Asia,34.7,12100.0,0.0,31.3,0.19
Angola,2014,60.04,Africa,60.2,699000.0,8480.0,38.0,26.4
Albania,2014,78.407,Europe,83.2,7880.0,704.0,48.1,5.34
Argentina,2014,76.755,South America,128.0,293000.0,12700.0,66.7,5.88
Armenia,2014,74.058,Europe,140.0,3300.0,197.0,44.5,5.5
Australia,2014,82.3,Oceania,169.0,1320000.0,23700.0,72.9,26.4
Austria,2014,81.490243902439,Europe,123.0,38800.0,16800.0,69.5,14.0
Azerbaijan,2014,71.116,Europe,145.0,10700.0,3170.0,52.5,1.93
Belgium,2014,81.2878048780488,Europe,146.0,6890.0,4320.0,68.5,26.2
Benin,2014,59.125,Africa,24.8,34400.0,216.0,33.5,20.1
Burkina Faso,2014,58.359,Africa,23.6,65200.0,1440.0,34.8,6.53
Bangladesh,2014,69.986,Asia,26.3,18800.0,1410.0,46.4,22.9
Bulgaria,2014,74.4658536585366,Europe,93.3,38100.0,8230.0,44.4,6.43
Bosnia and Herzegovina,2014,75.659,Europe,94.2,21500.0,1190.0,52.5,4.7
Belarus,2014,72.9707317073171,Europe,234.0,86300.0,22000.0,58.1,16.3
Belize,2014,73.311,North America,131.0,13400.0,23.2,59.6,12.9
Bolivia,2014,67.163,South America,74.3,522000.0,556.0,58.6,2.39
Brazil,2014,74.306,South America,118.0,5050000.0,94200.0,69.8,9.94
Botswana,2014,62.608,Africa,101.0,160000.0,0.0,40.3,4.46
Canada,2014,81.7843902439025,North America,256.0,3470000.0,156000.0,73.0,23.0
Switzerland,2014,83.1975609756098,Europe,142.0,12500.0,1560.0,74.9,16.9
Chile,2014,79.473,South America,132.0,174000.0,30000.0,68.4,12.7
China,2014,76.717,Asia,23.0,2080000.0,779000.0,52.0,35.9
Cameroon,2014,58.935,Africa,26.7,207000.0,491.0,42.4,19.8
Colombia,2014,76.043,South America,164.0,603000.0,4150.0,64.5,7.49
Costa Rica,2014,78.774,North America,147.0,29400.0,746.0,72.5,14.2
Cyprus,2014,80.771,Europe,165.0,1730.0,311.0,56.3,23.9
Czech Republic,2014,78.8243902439024,Europe,154.0,26700.0,25600.0,64.8,8.78
Germany,2014,81.090243902439,Europe,134.0,114000.0,57100.0,69.8,13.1
Denmark,2014,80.7,Europe,150.0,6170.0,4570.0,75.1,23.0
Dominican Republic,2014,72.867,North America,109.0,21000.0,1290.0,53.9,8.99
Algeria,2014,75.11,Africa,80.2,19500.0,5440.0,63.5,4.4
Ecuador,2014,76.622,South America,58.9,129000.0,1180.0,59.5,6.95
Egypt,2014,70.415,Africa,72.7,519.0,519.0,48.9,24.2
Spain,2014,83.2292682926829,Europe,91.1,186000.0,26100.0,64.6,44.1
Estonia,2014,77.0341463414634,Europe,169.0,24000.0,2130.0,55.6,12.6
Ethiopia,2014,62.905,Africa,20.9,175000.0,9260.0,45.1,0.51
Finland,2014,81.1804878048781,Europe,110.0,224000.0,72800.0,73.8,35.8
France,2014,82.719512195122,Europe,102.0,168000.0,22200.0,64.7,33.9
Gabon,2014,64.974,Africa,47.1,236000.0,300.0,39.2,36.9
Georgia,2014,73.099,Europe,96.8,28200.0,720.0,42.9,7.99
Ghana,2014,63.045,Africa,40.7,78900.0,2520.0,38.6,22.5
Guinea,2014,57.886,Africa,41.8,64300.0,528.0,34.1,10.9
Greece,2014,81.3853658536585,Europe,80.4,39000.0,1390.0,47.6,17.8
Guatemala,2014,71.964,North America,117.0,36100.0,1280.0,65.4,2.75
Honduras,2014,72.259,North America,153.0,64900.00000000001,0.0,50.6,3.32
Croatia,2014,77.4780487804878,Europe,156.0,19200.0,748.0,53.8,18.0
Haiti,2014,62.987,North America,52.3,3660.0,312.0,38.9,5.36
Hungary,2014,75.7634146341463,Europe,111.0,20600.0,7930.0,51.8,5.58
Indonesia,2014,69.533,Asia,46.2,960000.0,45700.0,56.0,37.0
India,2014,69.074,Asia,58.0,706000.0,130000.0,44.2,6.2
Ireland,2014,81.3487804878049,Europe,249.0,7480.0,6540.0,70.2,21.8
Iran,2014,74.782,Asia,88.2,107000.0,9410.0,46.8,10.6
Iraq,2014,68.914,Asia,57.8,8250.0,697.0,45.4,3.87
Israel,2014,82.1536585365854,Asia,86.0,1630.0,888.0,74.0,23.8
Italy,2014,83.090243902439,Europe,89.6,92400.0,6390.0,60.3,28.2
Jamaica,2014,72.982,North America,173.0,5740.0,83.3,53.1,21.5
Jordan,2014,74.789,Asia,118.0,975.0,469.0,53.3,5.62
Japan,2014,83.5878048780488,Asia,75.2,249000.0,102000.0,59.2,48.7
Kazakhstan,2014,71.44,Asia,86.1,32600.0,4260.0,59.7,4.7
Kenya,2014,61.816,Africa,44.4,35400.0,1530.0,49.0,4.06
Cambodia,2014,69.736,Asia,60.3,92000.0,4660.0,38.8,42.4
South Korea,2014,81.7219512195122,Asia,104.0,63500.0,22700.0,58.0,54.4
Kuwait,2014,79.445,Asia,104.0,62.5,62.5,61.8,12.6
Lebanon,2014,78.973,Asia,200.0,1400.0,3.48,52.3,9.44
Liberia,2014,59.121,Africa,21.0,78000.0,219.0,45.7,7.35
Sri Lanka,2014,74.651,Asia,76.8,21200.0,2400.0,42.7,30.5
Lithuania,2014,74.5170731707317,Europe,252.0,21800.0,5750.0,61.3,31.7
Luxembourg,2014,82.2292682926829,Europe,448.0,887.0,300.0,68.9,35.0
Latvia,2014,74.1243902439024,Europe,157.0,33900.0,4310.0,57.3,24.0
Moldova,2014,69.031,Europe,103.0,3840.0,2170.0,59.2,12.1
Madagascar,2014,64.255,Africa,22.2,125000.0,3330.0,36.8,3.56
Mexico,2014,74.797,North America,134.0,665000.0,804.0,66.8,14.4
Mali,2014,57.9,Africa,29.4,133000.0,5570.0,39.8,6.4
Malta,2014,82.0463414634146,Europe,231.0,3.5,0.0,64.5,32.5
Myanmar,2014,65.056,Asia,74.4,303000.0,3860.0,47.9,45.8
Myanmar,2014,65.056,Asia,74.4,303000.0,3860.0,47.9,45.8
Montenegro,2014,76.4414634146341,Europe,353.0,8270.0,80.0,52.8,11.9
Mongolia,2014,69.047,Asia,63.7,142000.0,81.4,48.3,0.78
Mauritania,2014,64.155,Africa,109.0,3450.0,369.0,44.8,8.77
Mauritius,2014,74.1943902439024,Africa,104.0,383.0,180.0,56.5,23.2
Malawi,2014,60.899,Africa,28.7,24900.0,883.0,45.6,7.78
Malaysia,2014,75.146,Asia,124.0,194000.0,16300.0,59.6,57.4
Namibia,2014,59.822,Africa,89.8,70600.0,0.0,45.7,12.2
Niger,2014,60.786,Africa,14.2,11500.0,1080.0,41.8,2.64
Nicaragua,2014,72.812,North America,155.0,39600.0,361.0,62.8,6.41
Netherlands,2014,81.7073170731707,Europe,120.0,3670.0,3260.0,73.2,21.9
Norway,2014,82.1,Europe,123.0,121000.0,1090.0,74.4,50.8
Nepal,2014,68.085,Asia,21.4,59600.0,2210.0,49.8,2.76
New Zealand,2014,81.4568292682927,Oceania,159.0,98500.0,20200.0,73.1,24.4
Pakistan,2014,65.284,Asia,67.9,39600.0,2540.0,54.4,1.83
Panama,2014,77.248,North America,149.0,42800.0,603.0,66.3,13.8
Peru,2014,75.333,South America,60.2,734000.0,10400.0,58.7,24.2
Philippines,2014,71.151,Asia,60.7,69800.0,3630.0,53.1,29.7
Poland,2014,77.6024390243903,Europe,123.0,94000.0,73700.0,57.5,10.7
Portugal,2014,81.1219512195122,Europe,101.0,33000.0,22500.0,51.3,53.2
Paraguay,2014,72.878,South America,86.2,179000.0,890.0,51.2,4.2
Romania,2014,74.909756097561,Europe,73.9,68200.0,8730.0,57.3,5.85
Russia,2014,70.7436585365854,Europe,209.0,8150000.0,198000.0,60.4,22.5
Russia,2014,70.7436585365854,Europe,209.0,8150000.0,198000.0,60.4,22.5
Rwanda,2014,64.94,Africa,21.8,2690.0,1430.0,36.0,5.26
Saudi Arabia,2014,76.757,Asia,83.4,9770.0,0.0,62.8,12.4
Sudan,2014,64.269,Africa,83.3,194000.0,1290.0,41.4,1.01
Senegal,2014,66.452,Africa,47.5,83100.0,320.0,44.0,20.9
Sierra Leone,2014,56.393,Africa,15.4,26500.0,173.0,45.0,29.0
El Salvador,2014,71.746,North America,109.0,6110.0,161.00000000000003,58.6,8.29
Serbia,2014,75.3365853658537,Europe,82.8,27200.0,2080.0,51.1,6.65
Slovenia,2014,81.0780487804878,Europe,127.0,12500.0,494.0,56.8,11.1
Sweden,2014,82.2536585365854,Europe,139.0,280000.0,131000.0,72.4,35.0
Chad,2014,51.202,Africa,28.2,50200.0,182.0,34.6,8.93
Togo,2014,58.853,Africa,40.4,12300.0,527.0,28.4,10.6
Thailand,2014,77.415,Asia,104.0,201000.0,36100.0,69.8,23.1
Tajikistan,2014,69.069,Asia,55.5,4190.0,1160.0,49.0,0.61
Turkmenistan,2014,68.614,Asia,50.8,41300.0,0.0,57.9,3.64
Tunisia,2014,75.65,Africa,96.9,6940.0,2040.0,47.6,13.8
Tanzania,2014,63.873,Africa,27.0,485000.0,5530.0,34.8,6.33
Uganda,2014,60.408,Africa,32.5,25900.0,4060.0,37.7,14.4
Ukraine,2014,71.1865853658537,Europe,194.0,96400.0,48600.0,43.0,12.6
Uruguay,2014,77.366,South America,146.0,18800.0,10500.0,65.6,9.21
Uzbekistan,2014,70.234,Asia,27.0,35100.0,21000.0,60.5,1.92
Venezuela,2014,72.853,South America,91.6,468000.0,12800.0,61.4,11.1
Vietnam,2014,73.855,Asia,32.1,139000.0,37300.0,50.9,30.9
Yemen,2014,67.384,Asia,91.2,5490.0,0.0,39.7,5.46
South Africa,2014,63.38,Africa,122.0,173000.0,31400.0,48.3,7.2
Zambia,2014,60.699,Africa,30.8,459000.0,535.0,43.5,10.6
Zimbabwe,2014,58.846,Africa,94.1,177000.0,1080.0,41.8,3.39
Afghanistan,2015,62.659,Asia,32.6,12100.0,0.0,39.8,0.21
Albania,2015,78.644,Europe,94.2,7890.0,704.0,46.1,5.35
Argentina,2015,76.76,South America,127.0,291000.0,12800.0,67.0,7.21
Armenia,2015,74.436,Europe,144.0,3300.0,195.0,43.5,6.59
Australia,2015,82.4,Oceania,166.0,1330000.0,24200.0,73.1,24.8
Austria,2015,81.190243902439,Europe,128.0,38800.0,16700.0,70.8,14.0
Azerbaijan,2015,71.451,Europe,142.0,10800.0,3230.0,51.5,1.37
Belgium,2015,80.9926829268293,Europe,169.0,6890.0,4380.0,69.0,24.7
Benin,2015,59.377,Africa,23.8,33900.0,220.0,36.3,19.0
Burkina Faso,2015,58.845,Africa,24.3,64700.0,1500.0,44.2,6.89
Bangladesh,2015,70.491,Asia,26.0,18800.0,1580.0,46.3,23.9
Bulgaria,2015,74.6146341463415,Europe,93.1,38300.0,8240.0,48.6,6.98
Bosnia and Herzegovina,2015,76.182,Europe,97.9,21600.0,1190.0,51.2,4.78
Belarus,2015,73.6243902439025,Europe,212.0,86300.0,22100.0,57.2,16.3
Bolivia,2015,67.318,South America,70.4,520000.0,570.0,58.3,2.65
Brazil,2015,74.332,South America,117.0,5040000.0,99400.0,65.5,9.02
Botswana,2015,63.818,Africa,106.0,158000.0,0.0,37.6,3.95
Canada,2015,81.8156097560976,North America,255.0,3470000.0,160000.0,74.1,22.2
Switzerland,2015,82.8975609756098,Europe,132.0,12500.0,1550.0,75.7,17.2
Chile,2015,79.746,South America,133.0,176000.0,30500.0,65.3,11.4
China,2015,76.977,Asia,22.0,2100000.0,790000.0,53.0,37.5
Cameroon,2015,59.658,Africa,25.2,206000.0,511.0,50.4,20.1
Colombia,2015,76.257,South America,164.0,601000.0,4240.0,63.9,7.37
Costa Rica,2015,79.086,North America,146.0,29500.0,766.0,68.5,14.7
Cyprus,2015,80.966,Europe,168.0,1730.0,311.0,54.4,23.1
Czech Republic,2015,78.5780487804878,Europe,132.0,26700.0,25500.0,66.1,9.3
Germany,2015,80.6414634146341,Europe,135.0,114000.0,57100.0,70.4,12.9
Denmark,2015,80.7024390243902,Europe,150.0,6250.0,4600.0,75.1,22.9
Dominican Republic,2015,72.953,North America,106.0,21000.0,1340.0,50.6,9.08
Ecuador,2015,76.789,South America,58.8,128000.0,1270.0,59.6,7.79
Egypt,2015,70.483,Africa,73.4,484.0,484.0,47.6,23.5
Spain,2015,82.8317073170732,Europe,91.1,186000.0,26200.0,63.8,43.6
Estonia,2015,77.590243902439,Europe,149.0,24200.0,2140.0,56.3,12.4
Ethiopia,2015,63.649,Africa,20.2,174000.0,9720.0,45.7,0.45
Finland,2015,81.4804878048781,Europe,110.0,224000.0,73700.0,74.5,34.8
France,2015,82.3219512195122,Europe,106.0,168000.0,22600.0,63.6,33.5
Gabon,2015,65.46,Africa,47.3,236000.0,300.0,46.6,34.3
Georgia,2015,73.297,Europe,99.8,28200.0,720.0,41.2,6.45
Ghana,2015,63.175,Africa,39.4,78800.0,2600.0,39.9,24.7
Guinea,2015,58.134,Africa,40.7,63900.0,530.0,35.0,10.3
Greece,2015,81.0365853658537,Europe,79.9,39000.0,1390.0,56.2,17.9
Guatemala,2015,72.103,North America,117.0,35900.0,1320.0,64.7,2.69
Honduras,2015,72.487,North America,154.0,64599.99999999999,0.0,48.5,3.26
Croatia,2015,77.2756097560976,Europe,143.0,19200.0,748.0,52.0,16.8
Haiti,2015,63.237,North America,51.7,3630.0,320.0,35.7,5.74
Hungary,2015,75.5682926829269,Europe,114.0,20600.0,7930.0,53.4,5.88
Indonesia,2015,69.699,Asia,45.9,950000.0,46700.0,50.4,38.3
India,2015,69.636,Asia,61.8,708000.0,130000.0,43.4,6.42
Ireland,2015,81.4536585365854,Europe,224.0,7550.0,6580.0,68.3,21.2
Iran,2015,75.124,Asia,88.1,107000.0,9410.0,47.5,10.8
Iraq,2015,69.44,Asia,69.7,8250.0,703.0,44.9,2.45
Iceland,2015,82.4682926829268,Europe,136.0,482.0,366.0,75.0,91.8
Israel,2015,82.0512195121951,Asia,84.2,1650.0,890.0,70.8,23.4
Italy,2015,82.5439024390244,Europe,89.0,93000.0,6400.0,58.5,29.4
Jordan,2015,75.011,Asia,123.0,975.0,469.0,54.0,5.8
Japan,2015,83.7939024390244,Asia,74.1,249000.0,102000.0,58.8,47.3
Kazakhstan,2015,71.97,Asia,86.1,33100.0,4210.0,59.5,4.63
Kenya,2015,61.892,Africa,47.1,35200.0,1530.0,43.6,3.9
Cambodia,2015,69.873,Asia,62.3,88500.0,5440.0,41.6,41.2
South Korea,2015,82.0243902439024,Asia,102.0,63400.0,22800.0,57.8,55.5
Kuwait,2015,79.562,Asia,110.0,62.5,62.5,61.5,12.1
Lebanon,2015,79.229,Asia,182.0,1400.0,3.5,51.7,8.03
Liberia,2015,59.148,Africa,23.3,77700.0,227.0,27.0,6.64
Sri Lanka,2015,74.927,Asia,76.8,21300.0,2480.0,46.1,30.7
Lithuania,2015,74.3219512195122,Europe,249.0,21900.0,5850.0,57.1,32.1
Luxembourg,2015,82.2926829268293,Europe,447.0,887.0,300.0,67.0,35.2
Latvia,2015,74.4804878048781,Europe,143.0,33900.0,4370.0,58.8,24.3
Morocco,2015,72.92,Africa,98.1,56800.0,5770.0,51.6,20.2
Moldova,2015,69.24,Europe,99.9,3860.0,2190.0,60.2,10.0
Madagascar,2015,64.339,Africa,22.4,125000.0,3120.0,35.9,4.38
Mexico,2015,74.682,North America,136.0,663000.0,839.0,62.4,14.9
Mali,2015,58.363,Africa,30.8,133000.0,5640.0,45.8,7.41
Malta,2015,81.8975609756097,Europe,247.0,3.5,0.0,66.1,32.2
Myanmar,2015,65.561,Asia,76.2,300000.0,4060.0,42.2,46.8
Myanmar,2015,65.561,Asia,76.2,300000.0,4060.0,42.2,46.8
Montenegro,2015,76.4487804878049,Europe,353.0,8270.0,80.0,51.3,12.0
Mongolia,2015,69.498,Asia,58.9,142000.0,76.5,49.8,0.48
Mozambique,2015,58.151,Africa,34.2,379000.0,660.0,45.5,12.0
Mauritania,2015,64.485,Africa,109.0,3400.0,380.0,39.2,8.56
Malawi,2015,61.378,Africa,29.3,24500.0,862.0,38.7,9.11
Malaysia,2015,75.094,Asia,120.0,195000.0,17100.0,63.2,57.5
Niger,2015,61.083,Africa,14.8,11400.0,1100.0,36.7,1.77
Nigeria,2015,51.841,Africa,30.8,224000.0,2240.0,49.3,11.2
Nicaragua,2015,72.983,North America,151.0,39100.0,411.0,59.2,5.78
Netherlands,2015,81.509756097561,Europe,125.0,3650.0,3250.0,73.2,21.9
Norway,2015,82.3048780487805,Europe,122.0,121000.0,1080.0,76.0,50.0
Nepal,2015,67.456,Asia,23.7,59600.0,2210.0,48.1,2.89
New Zealand,2015,81.6124390243903,Oceania,158.0,98500.0,20299.999999999996,74.2,24.2
Pakistan,2015,65.697,Asia,67.0,39300.0,2540.0,48.2,1.88
Panama,2015,77.468,North America,153.0,42700.0,614.0,66.1,13.6
Peru,2015,75.621,South America,60.5,732000.0,10600.0,55.8,25.1
Philippines,2015,71.268,Asia,60.2,70100.0,3660.0,55.5,29.9
Poland,2015,77.4512195121951,Europe,112.0,94200.0,73700.0,60.1,10.7
Portugal,2015,81.1243902439025,Europe,104.0,33100.0,22600.0,50.8,52.7
Paraguay,2015,73.191,South America,84.7,175000.0,985.0,55.6,4.09
Romania,2015,74.9121951219512,Europe,76.4,69000.0,9560.0,57.8,5.88
Russia,2015,71.1834146341463,Europe,212.0,8150000.0,198000.0,60.0,20.1
Russia,2015,71.1834146341463,Europe,212.0,8150000.0,198000.0,60.0,20.1
Rwanda,2015,65.298,Africa,23.8,2700.0,1440.0,34.8,7.15
Saudi Arabia,2015,76.918,Asia,83.8,9770.0,0.0,63.5,11.7
Senegal,2015,66.879,Africa,43.5,82700.0,320.0,46.2,17.1
Sierra Leone,2015,57.189,Africa,14.6,26300.0,179.0,49.1,27.6
El Salvador,2015,71.814,North America,115.0,6060.0,163.0,60.2,7.23
Serbia,2015,75.2878048780488,Europe,75.2,27200.0,2150.0,53.2,5.56
Slovenia,2015,80.7756097560976,Europe,135.0,12500.0,449.0,57.4,11.2
Sweden,2015,82.2048780487805,Europe,132.0,280000.0,132000.0,72.9,33.3
Chad,2015,51.589,Africa,28.3,48900.0,183.0,43.2,7.14
Togo,2015,59.396,Africa,41.0,12200.0,540.0,37.7,12.9
Thailand,2015,77.717,Asia,107.0,201000.0,37000.0,62.0,23.1
Tajikistan,2015,69.306,Asia,55.3,4220.0,1160.0,51.2,0.54
Turkmenistan,2015,68.782,Asia,47.0,41300.0,0.0,57.9,3.62
Tunisia,2015,75.692,Africa,97.0,6950.0,2060.0,51.3,12.9
Tanzania,2015,64.651,Africa,30.3,481000.0,5530.0,36.6,7.33
Uganda,2015,61.086,Africa,32.8,25400.0,4160.0,42.4,12.4
Ukraine,2015,71.189512195122,Europe,185.0,96600.0,48700.0,39.6,9.27
Uruguay,2015,77.483,South America,143.0,19200.0,10700.0,66.3,8.61
Uzbekistan,2015,70.475,Asia,27.4,35500.0,21600.0,59.7,2.28
Venezuela,2015,73.006,South America,85.0,467000.0,13500.0,55.7,8.64
Vietnam,2015,73.876,Asia,39.1,141000.0,38900.0,50.8,35.5
Yemen,2015,65.873,Asia,82.1,5490.0,0.0,29.8,4.78
South Africa,2015,63.95,Africa,125.0,172000.0,31400.0,48.9,6.55
Zambia,2015,61.208,Africa,30.5,458000.0,532.0,48.4,12.2
Zimbabwe,2015,59.591,Africa,96.7,177000.0,1080.0,37.0,3.82
Afghanistan,2016,63.136,Asia,29.9,12100.0,0.0,42.2,0.23
Albania,2016,78.86,Europe,98.8,7890.0,704.0,45.1,5.36
Argentina,2016,76.308,South America,127.0,290000.0,13100.0,64.3,6.07
Armenia,2016,74.664,Europe,140.0,3290.0,193.0,43.3,6.54
Australia,2016,82.4487804878049,Oceania,164.0,1340000.0,24200.0,72.5,25.7
Austria,2016,81.6414634146342,Europe,133.0,38800.0,16700.0,70.5,14.1
Azerbaijan,2016,72.004,Europe,121.0,10900.0,2940.0,53.0,2.19
Belgium,2016,81.4390243902439,Europe,161.0,6890.0,4380.0,69.5,23.8
Benin,2016,59.539,Africa,22.2,33400.0,190.0,40.1,20.1
Burkina Faso,2016,59.326,Africa,25.4,64200.0,1550.0,42.1,7.27
Bangladesh,2016,71.09,Asia,25.1,18800.0,1580.0,45.6,24.6
Bulgaria,2016,74.8121951219512,Europe,94.5,38400.0,8170.0,48.4,7.18
Bosnia and Herzegovina,2016,76.808,Europe,94.0,21800.0,1190.0,51.8,4.84
Belarus,2016,73.8268292682927,Europe,219.0,87100.0,21900.0,51.8,16.3
Bolivia,2016,67.628,South America,72.4,518000.0,602.0,57.7,2.63
Brazil,2016,74.442,South America,117.0,5020000.0,100000.0,63.8,9.05
Botswana,2016,65.464,Africa,106.0,157000.0,0.0,35.0,3.88
Central African Republic,2016,53.46,Africa,20.0,224000.0,20.0,26.9,7.83
Canada,2016,81.9248780487805,North America,248.0,3470000.0,165000.0,72.5,22.7
Switzerland,2016,83.6024390243903,Europe,131.0,12600.0,1540.0,74.6,17.6
Chile,2016,80.079,South America,131.0,177000.0,30600.0,65.8,11.3
China,2016,77.218,Asia,19.6,2120000.0,802000.0,53.3,38.0
Cameroon,2016,60.233,Africa,24.6,206000.0,531.0,48.2,21.0
Colombia,2016,76.471,South America,188.0,600000.0,4270.0,62.3,7.27
Costa Rica,2016,79.459,North America,154.0,29700.0,786.0,71.4,16.6
Cyprus,2016,81.056,Europe,158.0,1730.0,322.99999999999994,58.0,23.6
Czech Republic,2016,79.0268292682927,Europe,128.0,26700.0,25500.0,67.4,8.94
Germany,2016,80.990243902439,Europe,130.0,114000.0,57100.0,68.7,13.8
Denmark,2016,80.8536585365854,Europe,151.0,6250.0,4540.0,75.6,22.8
Dominican Republic,2016,72.987,North America,106.0,21100.0,1580.0,52.4,9.66
Algeria,2016,75.732,Africa,81.2,19600.0,5210.0,53.4,3.92
Ecuador,2016,76.763,South America,57.6,128000.0,1240.0,61.1,7.91
Egypt,2016,70.844,Africa,73.5,450.0,450.0,45.6,23.4
Spain,2016,83.3292682926829,Europe,91.8,186000.0,25800.0,63.2,42.5
Estonia,2016,77.6414634146342,Europe,131.0,24200.0,2140.0,56.5,14.2
Ethiopia,2016,64.392,Africa,22.5,174000.0,10200.0,43.0,0.45
Finland,2016,81.4292682926829,Europe,110.0,224000.0,73700.0,76.6,31.8
France,2016,82.5731707317073,Europe,106.0,169000.0,22900.0,64.8,33.6
Gabon,2016,65.802,Africa,47.3,236000.0,300.0,48.3,33.4
Georgia,2016,73.569,Europe,98.8,28200.0,720.0,44.5,8.03
Ghana,2016,63.89,Africa,36.4,79200.0,2680.0,45.1,26.1
Guinea,2016,58.763,Africa,40.9,63500.0,540.0,36.0,10.4
Greece,2016,81.3878048780488,Europe,79.9,39000.0,1390.0,53.0,20.5
Guatemala,2016,72.355,North America,120.0,35700.0,1360.0,63.6,2.64
Honduras,2016,72.588,North America,158.0,64400.00000000001,0.0,56.5,3.21
Croatia,2016,78.0219512195122,Europe,148.0,19200.0,748.0,54.2,17.0
Haiti,2016,63.392,North America,52.0,3600.0,320.0,33.5,4.59
Hungary,2016,76.0634146341464,Europe,112.0,20600.0,7900.0,54.5,5.73
Indonesia,2016,69.798,Asia,45.9,953000.0,54200.0,51.4,39.3
India,2016,70.117,Asia,62.7,711000.0,131000.0,41.8,6.59
Ireland,2016,81.6536585365854,Europe,231.0,7620.0,6600.0,70.4,21.2
Iran,2016,75.6,Asia,90.1,107000.0,9510.0,46.5,11.7
Iraq,2016,68.988,Asia,63.8,8250.0,739.0,44.1,2.78
Iceland,2016,82.2048780487805,Europe,145.0,487.0,370.0,75.1,91.3
Israel,2016,82.4073170731707,Asia,83.8,1400.0,850.0,71.6,24.6
Italy,2016,83.2439024390244,Europe,88.9,93500.0,6410.0,59.5,29.8
Jordan,2016,75.215,Asia,114.0,975.0,469.0,52.7,6.01
Japan,2016,83.9848780487805,Asia,73.9,249000.0,102000.0,59.5,45.1
Kazakhstan,2016,72.41,Asia,83.6,33400.0,4210.0,55.3,4.56
Kenya,2016,62.163,Africa,47.5,35500.0,1530.0,44.0,4.08
Cambodia,2016,70.224,Asia,64.3,86900.0,5560.0,44.6,42.2
South Korea,2016,82.2756097560976,Asia,105.0,63300.0,22800.0,59.7,55.1
Kuwait,2016,79.701,Asia,108.0,62.5,62.5,59.5,11.8
Lebanon,2016,79.505,Asia,179.0,1410.0,3.5,52.7,8.87
Liberia,2016,60.416,Africa,23.6,77400.0,236.0,33.5,6.03
Lesotho,2016,52.264,Africa,44.5,345.0,86.7,38.1,1.84
Lithuania,2016,74.6707317073171,Europe,253.0,21900.0,5960.0,58.7,32.6
Luxembourg,2016,82.6853658536585,Europe,443.0,887.0,300.0,69.7,34.5
Latvia,2016,74.580487804878,Europe,133.0,34000.0,4420.0,59.4,24.6
Morocco,2016,73.284,Africa,104.0,57000.0,5920.0,53.9,20.4
Moldova,2016,69.917,Europe,99.5,3870.0,2190.0,55.8,11.2
Madagascar,2016,64.997,Africa,22.7,125000.0,3120.0,36.6,5.44
Mexico,2016,74.412,North America,138.0,662000.0,872.0,68.2,15.6
Mali,2016,58.731,Africa,31.6,133000.0,5660.0,40.2,8.53
Malta,2016,82.4536585365854,Europe,229.0,3.8,0.3,65.9,32.0
Myanmar,2016,65.685,Asia,77.0,297000.0,4180.0,46.2,47.6
Myanmar,2016,65.685,Asia,77.0,297000.0,4180.0,46.2,47.6
Montenegro,2016,76.4414634146341,Europe,337.0,8270.0,80.0,53.0,13.4
Mongolia,2016,69.865,Asia,59.6,142000.0,53.5,50.6,0.49
Mauritania,2016,64.768,Africa,108.0,3350.0,391.0,44.7,8.47
Mauritius,2016,74.3948780487805,Africa,122.0,383.0,180.0,56.1,23.1
Malawi,2016,62.209,Africa,26.5,24100.0,841.0,34.8,9.75
Niger,2016,61.629,Africa,12.4,11300.0,1130.0,42.4,2.1
Nigeria,2016,52.043,Africa,29.9,223000.0,2230.0,52.2,9.17
Nicaragua,2016,73.256,North America,154.0,38100.0,461.0,60.1,6.6
Netherlands,2016,81.5609756097561,Europe,122.0,3660.0,3260.0,75.4,21.8
Norway,2016,82.4073170731707,Europe,119.0,121000.0,1080.0,76.0,51.5
Nepal,2016,68.776,Asia,24.1,59600.0,2210.0,51.0,2.87
New Zealand,2016,81.6585365853659,Oceania,147.0,98500.0,20299.999999999996,72.3,23.7
Pakistan,2016,65.88,Asia,70.5,38700.0,2540.0,55.5,1.84
Panama,2016,77.653,North America,148.0,42600.0,628.0,61.2,13.3
Peru,2016,75.789,South America,62.0,730000.0,10600.0,57.0,24.6
Philippines,2016,71.387,Asia,63.0,70500.0,3690.0,54.3,28.6
Poland,2016,77.8512195121951,Europe,125.0,94300.0,73700.0,61.6,10.7
Portugal,2016,81.1243902439025,Europe,110.0,33100.0,22600.0,54.5,57.4
Paraguay,2016,73.534,South America,89.3,173000.0,1100.0,58.0,3.96
Romania,2016,75.209756097561,Europe,79.9,69300.0,8950.0,59.7,5.92
Russia,2016,71.6512195121951,Europe,208.0,8150000.0,194000.0,58.5,20.6
Russia,2016,71.6512195121951,Europe,208.0,8150000.0,194000.0,58.5,20.6
Rwanda,2016,65.737,Africa,24.1,2720.0,1460.0,33.3,7.86
Saudi Arabia,2016,77.064,Asia,86.6,9770.0,0.0,64.7,11.9
Senegal,2016,67.497,Africa,46.9,82300.0,320.0,46.0,18.6
Sierra Leone,2016,58.404,Africa,18.1,26100.0,186.0,47.3,26.9
El Salvador,2016,72.025,North America,114.0,6020.0,166.0,61.4,6.72
Serbia,2016,75.6878048780488,Europe,83.3,27200.0,2770.0,57.5,4.63
Slovenia,2016,81.1756097560976,Europe,125.0,12500.0,453.0,59.4,11.4
Sweden,2016,82.3073170731707,Europe,132.0,280000.0,132000.0,73.7,32.2
Chad,2016,52.083,Africa,27.5,47700.0,186.0,40.3,7.6
Togo,2016,59.55,Africa,46.1,12200.0,553.0,38.8,12.0
Thailand,2016,78.049,Asia,106.0,200000.0,36700.0,60.7,26.5
Tajikistan,2016,69.549,Asia,55.3,4220.0,1160.0,51.0,0.38
Turkmenistan,2016,68.777,Asia,37.7,41300.0,0.0,58.9,3.15
Tunisia,2016,75.786,Africa,96.9,6970.0,2080.0,45.2,13.3
Tanzania,2016,65.386,Africa,31.5,476000.0,5530.0,29.0,7.01
Uganda,2016,61.648,Africa,32.4,25000.0,4260.0,42.3,11.7
Ukraine,2016,71.4763414634146,Europe,163.0,96600.0,48500.0,40.3,10.4
Uruguay,2016,77.571,South America,152.0,19500.0,11000.0,61.7,8.24
Uzbekistan,2016,70.755,Asia,28.1,35900.0,21800.0,58.9,2.29
Venezuela,2016,72.058,South America,86.3,465000.0,13500.0,40.4,9.95
Vietnam,2016,73.938,Asia,42.9,144000.0,41399.99999999999,50.6,35.9
Yemen,2016,66.064,Asia,77.0,5490.0,0.0,38.3,3.94
South Africa,2016,64.747,Africa,119.0,172000.0,31400.0,47.7,6.06
Zambia,2016,61.794,Africa,30.2,456000.0,530.0,43.5,12.0
Zimbabwe,2016,60.306,Africa,88.6,176000.0,1080.0,37.4,3.79
Afghanistan,2017,63.016,Asia,32.6,12100.0,0.0,26.6,0.25
Albania,2017,79.047,Europe,98.7,7890.0,704.0,46.4,5.36
Argentina,2017,76.833,South America,129.0,289000.0,13400.0,60.4,7.29
Armenia,2017,74.906,Europe,143.0,3290.0,191.0,42.9,5.83
Australia,2017,82.5,Oceania,162.0,1340000.0,24000.0,72.6,25.9
Austria,2017,81.6439024390244,Europe,130.0,38900.0,16700.0,72.9,14.1
Azerbaijan,2017,72.248,Europe,127.0,11000.0,2960.0,51.5,3.2
Belgium,2017,81.4926829268293,Europe,162.0,6890.0,4380.0,69.3,23.0
Benin,2017,59.856,Africa,24.2,32900.0,190.0,48.5,17.6
Burkina Faso,2017,59.536,Africa,26.9,63700.0,1610.0,46.5,7.06
Bangladesh,2017,71.788,Asia,24.6,18800.0,1580.0,43.1,24.3
Bulgaria,2017,74.8146341463415,Europe,94.5,38500.0,8070.0,51.0,7.05
Bosnia and Herzegovina,2017,76.935,Europe,85.1,21900.0,1190.0,50.9,4.89
Belarus,2017,74.1292682926829,Europe,208.0,87200.0,22000.0,55.5,16.3
Bolivia,2017,67.701,South America,73.6,515000.0,626.0,56.5,2.57
Brazil,2017,74.827,South America,117.0,5000000.0,98400.0,63.3,9.09
Botswana,2017,66.753,Africa,111.0,156000.0,0.0,35.0,3.8
Central African Republic,2017,53.721,Africa,17.1,224000.0,20.0,34.8,7.73
Canada,2017,81.8329268292683,North America,231.0,3470000.0,169000.0,74.2,22.4
Switzerland,2017,83.5512195121951,Europe,134.0,12600.0,1520.0,74.7,16.9
Chile,2017,80.35,South America,129.0,178000.0,30900.0,63.2,11.8
China,2017,77.248,Asia,20.3,2140000.0,814000.0,51.0,38.2
Cameroon,2017,60.81,Africa,27.3,205000.0,551.0,50.7,18.1
Colombia,2017,76.646,South America,202.0,597000.0,4270.0,61.6,7.16
Costa Rica,2017,79.377,North America,143.0,29900.0,806.0,72.3,18.5
Cyprus,2017,81.328,Europe,159.0,1730.0,326.0,60.6,24.9
Czech Republic,2017,78.9780487804878,Europe,135.0,26700.0,25500.0,67.9,9.31
Germany,2017,80.9926829268293,Europe,127.0,114000.0,57100.0,70.7,12.8
Denmark,2017,81.1024390243903,Europe,151.0,6260.0,4440.0,75.9,22.7
Dominican Republic,2017,73.063,North America,110.0,21200.0,1660.0,56.0,9.56
Algeria,2017,75.743,Africa,80.9,19400.0,5060.0,52.5,3.86
Ecuador,2017,76.972,South America,56.3,127000.0,1210.0,58.4,7.77
Egypt,2017,71.302,Africa,73.6,450.0,450.0,39.3,23.7
Spain,2017,83.2829268292683,Europe,90.3,186000.0,25900.0,62.3,42.5
Estonia,2017,78.0926829268293,Europe,124.0,24400.0,2160.0,59.4,14.7
Ethiopia,2017,64.838,Africa,22.5,173000.0,10600.0,41.8,0.44
Finland,2017,81.6317073170732,Europe,111.0,224000.0,73700.0,77.9,33.6
France,2017,82.5756097560976,Europe,106.0,170000.0,23300.0,66.3,34.4
Gabon,2017,66.189,Africa,47.0,236000.0,300.0,47.8,30.9
Georgia,2017,73.57,Europe,110.0,28200.0,720.0,44.5,8.04
Ghana,2017,64.013,Africa,37.9,79600.0,2750.0,54.8,25.5
Guinea,2017,59.109,Africa,41.2,63100.0,550.0,48.7,10.1
Gambia,2017,62.995,Africa,82.3,2600.0,17.8,41.2,27.5
Gambia,2017,62.995,Africa,82.3,2600.0,17.8,41.2,27.5
Greece,2017,81.2878048780488,Europe,92.1,39000.0,1390.0,51.5,19.4
Guatemala,2017,72.551,North America,134.0,35600.0,1400.0,63.3,2.58
Honduras,2017,72.692,North America,160.0,64200.0,0.0,60.2,3.15
Croatia,2017,77.8268292682927,Europe,168.0,19300.0,733.0,53.4,18.7
Haiti,2017,63.854,North America,52.2,3570.0,320.0,38.2,4.53
Hungary,2017,75.8170731707317,Europe,111.0,20600.0,7870.0,60.6,6.3
Indonesia,2017,69.936,Asia,46.9,939000.0,46600.0,51.0,44.7
India,2017,70.467,Asia,60.5,714000.0,131000.0,40.5,6.9
Ireland,2017,82.1560975609756,Europe,216.0,7700.0,6620.0,70.6,23.4
Iran,2017,75.971,Asia,90.4,107000.0,9600.0,47.2,11.7
Iraq,2017,70.413,Asia,59.5,8250.0,776.0,44.6,3.37
Iceland,2017,82.6609756097561,Europe,213.0,494.0,377.0,74.8,90.7
Israel,2017,82.5512195121951,Asia,85.9,1400.0,850.0,73.3,25.9
Italy,2017,82.9463414634147,Europe,88.8,94000.0,6420.0,62.0,29.8
Jamaica,2017,71.911,North America,175.0,5850.0,83.5,58.9,25.4
Jordan,2017,75.502,Asia,116.0,975.0,469.0,48.1,5.87
Japan,2017,84.099756097561,Asia,71.0,249000.0,102000.0,59.1,45.5
Kazakhstan,2017,72.95,Asia,82.3,33700.0,4210.0,58.8,4.5
Kenya,2017,62.481,Africa,52.8,35800.0,1530.0,44.8,3.98
Cambodia,2017,70.515,Asia,85.9,85400.0,5680.0,45.9,42.7
South Korea,2017,82.6268292682927,Asia,111.0,63200.0,22700.0,58.7,55.0
Kuwait,2017,79.781,Asia,111.0,62.5,62.5,60.9,11.5
Lebanon,2017,79.654,Asia,177.0,1420.0,3.5,51.5,8.73
Liberia,2017,60.553,Africa,23.8,77100.0,244.0,44.2,5.88
Sri Lanka,2017,75.403,Asia,75.7,21200.0,2490.0,43.3,30.8
Lesotho,2017,53.064,Africa,42.8,345.0,86.7,38.0,1.84
Lithuania,2017,75.4804878048781,Europe,254.0,22000.0,6040.0,62.7,33.1
Luxembourg,2017,82.0951219512195,Europe,440.0,887.0,300.0,70.6,32.1
Latvia,2017,74.6292682926829,Europe,135.0,34000.0,4480.0,59.8,24.9
Morocco,2017,73.66,Africa,98.1,57100.0,6030.0,53.1,19.5
Moldova,2017,70.516,Europe,120.0,3870.0,2190.0,53.3,11.6
Madagascar,2017,65.094,Africa,23.0,125000.0,3120.0,40.8,5.29
Mexico,2017,74.138,North America,136.0,661000.0,905.0,64.1,14.4
Mali,2017,59.132,Africa,32.8,133000.0,5680.0,47.4,9.34
Malta,2017,82.3463414634146,Europe,242.0,4.2,0.4,66.8,31.9
Myanmar,2017,65.843,Asia,85.2,294000.0,4270.0,41.5,47.3
Myanmar,2017,65.843,Asia,85.2,294000.0,4270.0,41.5,47.3
Montenegro,2017,76.4853658536585,Europe,343.0,8270.0,80.0,56.1,14.1
Mongolia,2017,70.237,Asia,61.0,142000.0,76.8,53.3,0.48
Mozambique,2017,59.771,Africa,32.2,374000.0,680.0,42.8,11.5
Mauritania,2017,65.083,Africa,108.0,3290.0,402.0,46.8,9.16
Mauritius,2017,74.5146341463415,Africa,116.0,387.0,180.0,61.7,23.1
Malawi,2017,62.977,Africa,33.3,23700.0,820.0,34.2,9.5
Namibia,2017,62.293,Africa,109.0,68500.0,0.0,44.4,11.6
Niger,2017,62.16,Africa,0.274,11200.0,1150.0,46.2,2.03
Nigeria,2017,52.305,Africa,29.7,221000.0,2210.0,53.2,9.12
Nicaragua,2017,73.554,North America,155.0,37100.0,512.0,64.8,6.51
Netherlands,2017,81.7609756097561,Europe,125.0,3670.0,3280.0,74.6,21.8
Norway,2017,82.609756097561,Europe,118.0,122000.0,1080.0,75.8,51.4
Nepal,2017,68.91,Asia,23.6,59600.0,2210.0,47.4,2.83
New Zealand,2017,81.8585365853659,Oceania,152.0,98500.0,20499.999999999996,73.3,24.7
Pakistan,2017,66.297,Asia,68.5,38500.0,2540.0,58.3,1.72
Panama,2017,77.795,North America,151.0,42500.0,640.0,65.7,13.1
Peru,2017,75.879,South America,62.7,728000.0,10700.0,57.1,25.0
Philippines,2017,71.516,Asia,65.4,70800.0,3720.0,55.9,28.1
Poland,2017,77.7536585365854,Europe,126.0,94500.0,73700.0,62.0,10.7
Portugal,2017,81.4243902439025,Europe,98.7,33100.0,22600.0,57.1,56.8
Paraguay,2017,73.644,South America,88.4,169000.0,1210.0,57.1,4.17
Romania,2017,75.209756097561,Europe,81.4,69300.0,8950.0,60.9,5.96
Russia,2017,72.4514634146342,Europe,211.0,8150000.0,189000.0,55.8,20.1
Russia,2017,72.4514634146342,Europe,211.0,8150000.0,189000.0,55.8,20.1
Rwanda,2017,65.941,Africa,26.8,2730.0,1470.0,31.1,7.66
Saudi Arabia,2017,77.16,Asia,86.4,9770.0,0.0,62.9,11.3
Senegal,2017,67.75,Africa,49.1,81900.0,320.0,46.8,18.1
Sierra Leone,2017,58.652,Africa,18.9,25900.0,193.0,40.9,26.3
El Salvador,2017,72.311,North America,107.0,5970.0,168.0,63.4,6.64
Serbia,2017,75.5390243902439,Europe,83.7,27200.0,1510.0,51.2,6.18
Slovenia,2017,81.0292682926829,Europe,140.0,12400.0,456.0,61.7,12.0
Sweden,2017,82.409756097561,Europe,132.0,280000.0,134000.0,72.9,32.8
Chad,2017,52.308,Africa,26.4,46500.0,189.0,45.6,7.18
Togo,2017,60.154,Africa,47.6,12200.0,567.0,43.6,11.7
Thailand,2017,78.394,Asia,108.0,200000.0,36400.0,59.4,29.2
Tajikistan,2017,69.905,Asia,53.9,4220.0,1160.0,58.3,0.37
Turkmenistan,2017,68.916,Asia,41.9,41300.0,0.0,52.3,2.94
Trinidad and Tobago,2017,74.23,North America,181.0,2290.0,807.0,61.9,23.9
Tunisia,2017,75.845,Africa,97.3,6980.0,2090.0,41.2,13.2
Tanzania,2017,65.999,Africa,30.5,472000.0,5530.0,33.5,6.8
Uganda,2017,62.115,Africa,35.0,24600.0,4360.0,40.0,11.3
Ukraine,2017,71.7809756097561,Europe,169.0,96700.0,48500.0,43.1,11.7
Uruguay,2017,77.625,South America,148.0,19700.0,11200.0,63.4,9.23
Uzbekistan,2017,71.01,Asia,28.0,36100.0,22000.0,64.2,2.25
Venezuela,2017,71.943,South America,76.5,464000.0,13600.0,50.7,10.1
Vietnam,2017,73.963,Asia,29.2,144000.0,41799.99999999999,51.8,37.7
Yemen,2017,65.957,Asia,85.7,5490.0,0.0,32.5,3.17
South Africa,2017,65.402,Africa,114.0,172000.0,31400.0,45.1,5.97
Zambia,2017,62.12,Africa,30.7,454000.0,528.0,39.3,12.1
Zimbabwe,2017,60.709,Africa,85.6,176000.0,1080.0,36.4,3.73
Afghanistan,2018,63.081,Asia,34.9,12100.0,0.0,26.9,0.24
Albania,2018,79.184,Europe,101.0,7890.0,704.0,50.0,8.64
Argentina,2018,76.999,South America,128.0,288000.0,13800.0,57.9,7.22
Armenia,2018,75.064,Europe,143.0,3290.0,189.0,50.6,5.82
Australia,2018,82.7487804878049,Oceania,158.0,1340000.0,23900.0,71.8,26.4
Austria,2018,81.6926829268293,Europe,127.0,38900.0,16700.0,74.0,14.0
Azerbaijan,2018,72.76,Europe,123.0,11100.0,2990.0,51.7,3.16
Belgium,2018,81.5951219512195,Europe,171.0,6890.0,4380.0,68.9,22.9
Benin,2018,60.14,Africa,24.2,32400.0,200.0,58.2,17.1
Burkina Faso,2018,60.047,Africa,27.8,63200.0,1660.0,49.3,7.96
Bangladesh,2018,72.567,Asia,24.4,18800.0,1580.0,45.0,25.7
Bulgaria,2018,74.9634146341464,Europe,94.7,38700.0,7970.0,51.0,7.1
Bosnia and Herzegovina,2018,77.093,Europe,81.1,21900.0,1190.0,58.9,5.8
Belarus,2018,74.1756097560976,Europe,183.0,87400.0,21900.0,52.3,11.8
Bolivia,2018,67.748,South America,74.4,513000.0,626.0,59.2,2.53
Brazil,2018,75.109,South America,117.0,4990000.0,105000.0,61.9,9.02
Botswana,2018,65.422,Africa,109.0,155000.0,0.0,34.6,2.82
Canada,2018,81.8439024390244,North America,250.0,3470000.0,173000.0,71.8,21.9
Switzerland,2018,83.7536585365854,Europe,133.0,12600.0,1510.0,75.1,16.8
Chile,2018,80.133,South America,127.0,180000.0,31200.0,64.4,11.6
China,2018,77.744,Asia,20.6,2160000.0,825000.0,51.3,38.0
Cameroon,2018,61.18,Africa,28.9,205000.0,571.0,52.5,17.6
Colombia,2018,76.748,South America,202.0,595000.0,4270.0,59.8,6.95
Costa Rica,2018,79.484,North America,143.0,30000.0,826.0,71.4,18.3
Cyprus,2018,81.382,Europe,163.0,1730.0,326.0,62.8,24.7
Czech Republic,2018,79.0292682926829,Europe,121.0,26700.0,25400.0,70.3,9.29
Germany,2018,80.8926829268293,Europe,121.0,114000.0,57100.0,71.2,12.7
Denmark,2018,80.9536585365854,Europe,154.0,6270.0,4330.0,76.5,26.6
Dominican Republic,2018,73.232,North America,110.0,21300.0,1740.0,54.3,8.37
Algeria,2018,76.066,Africa,81.5,19300.0,4280.0,50.4,3.78
Ecuador,2018,77.094,South America,59.6,126000.0,1170.0,61.3,8.48
Egypt,2018,71.367,Africa,70.8,450.0,450.0,40.0,23.2
Spain,2018,83.4317073170732,Europe,91.0,186000.0,25900.0,65.1,42.4
Estonia,2018,78.2439024390244,Europe,143.0,24400.0,2160.0,60.9,14.7
Ethiopia,2018,65.412,Africa,23.4,172000.0,11100.0,43.8,0.53
Finland,2018,81.7341463414634,Europe,113.0,224000.0,73700.0,78.6,33.5
France,2018,82.6756097560976,Europe,117.0,171000.0,23600.0,66.7,33.3
Gabon,2018,66.306,Africa,46.8,236000.0,300.0,47.8,30.1
Georgia,2018,73.341,Europe,106.0,28200.0,720.0,46.6,8.91
Ghana,2018,64.122,Africa,35.1,79700.0,2830.0,50.0,24.8
Guinea,2018,59.349,Africa,40.5,62700.0,560.0,52.5,10.3
Gambia,2018,63.04,Africa,82.7,2540.0,17.8,49.2,26.7
Gambia,2018,63.04,Africa,82.7,2540.0,17.8,49.2,26.7
Greece,2018,81.7878048780488,Europe,89.7,39000.0,1390.0,54.1,19.5
Guatemala,2018,72.726,North America,140.0,35500.0,1440.0,66.3,3.09
Honduras,2018,72.814,North America,160.0,64000.0,0.0,59.1,2.67
Croatia,2018,78.0707317073171,Europe,181.0,19300.0,717.0,55.4,18.9
Haiti,2018,64.019,North America,51.8,3540.0,320.0,36.1,6.41
Hungary,2018,76.0658536585366,Europe,112.0,20600.0,7910.0,59.4,6.31
Indonesia,2018,70.338,Asia,54.7,933000.0,46200.0,53.4,44.2
India,2018,70.71,Asia,63.8,716000.0,132000.0,38.2,6.83
Ireland,2018,82.2048780487805,Europe,228.0,7740.0,6660.0,69.6,23.1
Iran,2018,76.195,Asia,90.2,107000.0,9760.0,42.8,11.6
Iraq,2018,71.514,Asia,58.9,8250.0,814.0,48.9,3.84
Israel,2018,82.8024390243903,Asia,90.7,1400.0,850.0,69.3,25.5
Italy,2018,83.3463414634146,Europe,89.9,94600.0,6430.0,65.2,29.8
Jordan,2018,75.774,Asia,113.0,975.0,469.0,46.4,5.25
Japan,2018,84.2109756097561,Asia,71.2,249000.0,102000.0,57.9,45.6
Kazakhstan,2018,73.15,Asia,83.6,34000.0,4210.0,60.1,2.82
Kenya,2018,62.676,Africa,49.1,36100.0,1530.0,46.6,3.01
Cambodia,2018,70.561,Asia,86.1,83800.0,5800.0,51.2,42.1
South Korea,2018,82.6268292682927,Asia,110.0,63100.0,22700.0,58.4,56.7
Lebanon,2018,79.729,Asia,186.0,1420.0,3.5,51.7,8.68
Liberia,2018,60.853,Africa,29.2,76800.0,253.0,41.4,4.67
Sri Lanka,2018,75.748,Asia,73.7,21200.0,2490.0,44.4,30.2
Lithuania,2018,75.6804878048781,Europe,235.0,22000.0,6050.0,63.1,32.1
Luxembourg,2018,82.2951219512195,Europe,446.0,887.0,300.0,72.4,31.5
Latvia,2018,74.7829268292683,Europe,148.0,34000.0,4540.0,59.0,24.5
Morocco,2018,73.986,Africa,96.0,57200.0,6140.0,49.0,19.2
Moldova,2018,70.492,Europe,79.6,3870.0,2190.0,56.8,11.6
Madagascar,2018,65.27,Africa,22.5,125000.0,3120.0,40.7,5.53
Maldives,2018,80.013,Asia,83.9,8.2,0.0,52.0,87.0
Mexico,2018,74.015,North America,128.0,659000.0,938.0,65.5,14.2
Mali,2018,59.393,Africa,29.3,133000.0,5680.0,44.2,9.06
Malta,2018,82.4487804878049,Europe,237.0,4.6,0.4,69.1,32.6
Myanmar,2018,66.465,Asia,69.1,291000.0,4270.0,44.1,45.6
Myanmar,2018,66.465,Asia,69.1,291000.0,4270.0,44.1,45.6
Montenegro,2018,76.8414634146342,Europe,337.0,8270.0,80.0,56.5,14.1
Mongolia,2018,71.199,Asia,64.4,142000.0,76.8,54.6,0.59
Mozambique,2018,60.526,Africa,36.9,372000.0,700.0,46.5,12.1
Mauritania,2018,65.31,Africa,109.0,3240.0,414.0,43.1,8.91
Mauritius,2018,74.4163414634146,Africa,123.0,387.0,180.0,58.8,24.1
Malawi,2018,63.276,Africa,34.3,23300.0,799.0,33.4,11.9
Malaysia,2018,75.644,Asia,123.0,192000.0,17100.0,53.4,56.8
Namibia,2018,62.586,Africa,108.0,67800.0,0.0,48.3,12.3
Niger,2018,62.454,Africa,0.0274,11000.0,1180.0,51.6,2.0
Nigeria,2018,52.554,Africa,29.3,220000.0,2200.0,52.5,8.88
Nicaragua,2018,73.85,North America,148.0,36100.0,562.0,58.2,6.09
Netherlands,2018,81.8121951219512,Europe,99.7,3680.0,3290.0,74.6,21.9
Norway,2018,82.7585365853659,Europe,115.0,122000.0,1080.0,74.4,51.0
Nepal,2018,68.979,Asia,25.4,59600.0,2210.0,49.1,3.09
New Zealand,2018,81.7073170731707,Oceania,157.0,98600.0,20499.999999999996,73.7,24.5
Pakistan,2018,66.482,Asia,71.8,38100.0,2540.0,54.7,1.68
Panama,2018,77.863,North America,148.0,42400.0,645.9999999999999,62.8,14.1
Peru,2018,76.009,South America,62.6,727000.0,10800.0,56.8,24.6
Philippines,2018,71.689,Asia,66.4,71200.0,3750.0,58.7,25.8
Poland,2018,77.6024390243903,Europe,127.0,94600.0,73700.0,61.1,12.4
Portugal,2018,81.3243902439024,Europe,103.0,33100.0,22600.0,59.2,57.0
Romania,2018,75.3585365853659,Europe,79.4,69300.0,8950.0,61.5,8.2
Russia,2018,72.6621951219512,Europe,209.0,8150000.0,189000.0,55.1,20.0
Russia,2018,72.6621951219512,Europe,209.0,8150000.0,189000.0,55.1,20.0
Rwanda,2018,66.251,Africa,30.9,2740.0,1480.0,35.6,7.66
Saudi Arabia,2018,77.212,Asia,85.9,9770.0,0.0,63.6,11.1
Senegal,2018,68.097,Africa,53.2,81500.0,320.0,47.7,18.7
Sierra Leone,2018,59.796,Africa,19.2,25700.0,200.0,43.1,25.1
El Salvador,2018,72.555,North America,117.0,5930.0,171.0,62.4,6.6
Serbia,2018,75.890243902439,Europe,70.7,27200.0,1400.0,59.4,6.2
Slovenia,2018,81.3780487804878,Europe,123.0,12400.0,460.0,62.5,11.9
Sweden,2018,82.5585365853659,Europe,134.0,280000.0,136000.0,73.8,32.6
Eswatini,2018,59.411,Africa,79.4,4950.0,1060.0,42.1,3.85
Eswatini,2018,59.411,Africa,79.4,4950.0,1060.0,42.1,3.85
Chad,2018,52.825,Africa,26.6,45400.0,192.0,44.9,6.97
Togo,2018,60.244,Africa,46.1,12200.0,580.0,40.2,12.3
Thailand,2018,78.662,Asia,109.0,199000.0,36000.0,60.1,29.1
Tajikistan,2018,70.353,Asia,54.2,4220.0,1160.0,55.0,0.44
Turkmenistan,2018,68.796,Asia,35.7,41300.0,0.0,46.2,2.89
Tunisia,2018,75.95,Africa,97.8,7000.0,2110.0,47.4,12.7
Tanzania,2018,66.535,Africa,30.8,467000.0,5530.0,34.5,6.83
Uganda,2018,62.714,Africa,35.6,24200.0,4450.0,43.2,10.9
Ukraine,2018,71.5826829268293,Europe,185.0,96800.0,48500.0,46.6,11.7
Uruguay,2018,77.611,South America,148.0,19900.0,11400.0,63.7,9.2
Uzbekistan,2018,71.149,Asia,29.2,36400.0,22200.0,62.0,2.74
Venezuela,2018,71.979,South America,73.0,463000.0,13600.0,50.1,9.99
Vietnam,2018,73.976,Asia,33.7,145000.0,42400.0,53.0,37.3
Yemen,2018,64.575,Asia,82.4,5490.0,0.0,30.6,3.1
South Africa,2018,65.674,Africa,113.0,171000.0,31400.0,48.8,6.35
Zambia,2018,62.342,Africa,31.4,452000.0,525.0,40.4,11.7
Zimbabwe,2018,61.414,Africa,85.9,175000.0,1080.0,36.2,3.47
