{
  "chart": {
    "title": "Self-reported life satisfaction",
    "subtitle": "Average of responses to the 'Cantril Ladder' question in the Gallup World Poll. The survey asks respondents to think of their current place on a ladder, with the best possible life for them being a 10, and the worst possible life being a 0.",
    "citation": "World Happiness Report (2012-2024)",
    "originalChartUrl": "https://ourworldindata.org/grapher/happiness-cantril-ladder?v=1&csvType=full&useColumnShortNames=false",
    "selection": [
      "World",
      "Europe",
      "Asia",
      "Africa",
      "South America",
      "North America",
      "Oceania"
    ]
  },
  "columns": {
    "Cantril ladder score": {
      "titleShort": "Self-reported life satisfaction",
      "titleLong": "Self-reported life satisfaction - WHR",
      "descriptionShort": "Average of survey responses to the 'Cantril Ladder' question in the Gallup World Poll. The survey question asks respondents to think of a ladder, with the best possible life for them being a 10, and the worst possible life being a 0.",
      "descriptionKey": [
        "The Cantril ladder asks respondents to think of a ladder, with the best possible life for them being a 10 and the worst possible life being a 0. They are then asked to rate their own current lives on that 0 to 10 scale.",
        "The rankings are calculated by the source based on nationally representative samples for the three years prior to the year of the report, so that data for the 2024 report will draw from survey data from 2021-2023. We show the data for final year of the three-year survey period, i.e. we show the 2021-2023 survey data as 2023.",
        "The only exception is the data for the 2012 report, which uses survey data from 2005-2011, we show this data as the final year of the survey data - 2011.",
        "The number of people and countries surveyed varies year to year, but typically more than 100,000 people in 130 countries participate in the Gallup World Poll each year.",
        "The rankings are based entirely on the survey scores, using the Gallup weights to make the estimates representative.",
        "The data is the compilation of all previous World Happiness Reports, which can be found at https://worldhappiness.report/archive/."
      ],
      "descriptionProcessing": "Average of regions is calculated by taking a population-weighted average over all countries within that region.",
      "shortUnit": "",
      "unit": "",
      "timespan": "2011-2023",
      "type": "Numeric",
      "owidVariableId": 935657,
      "shortName": "cantril_ladder_score",
      "lastUpdated": "2024-06-09",
      "nextUpdate": "2025-06-09",
      "citationShort": "World Happiness Report (2012-2024) – with major processing by Our World in Data",
      "citationLong": "World Happiness Report (2012-2024) – with major processing by Our World in Data. “Self-reported life satisfaction – WHR” [dataset]. Wellbeing Research Centre, “World Happiness Report 2024”; Various sources, “Population” [original data].",
      "fullMetadata": "https://api.ourworldindata.org/v1/indicators/935657.metadata.json"
    }
  },
  "dateDownloaded": "2025-01-30",
  "activeFilters": {}
}